ST,COUNTY,RO,FIPS,LAT,LON,GEOHASH,TZOFFSET,DST,SYSTEM,REGION,COUNTY_ST
AZ,Apache,WECC,04001,35.385084,-109.490172,9w61k3,-7.0,1,WECC,SOUTHWEST,Apache AZ
AZ,Cochise,WECC,04003,31.840129,-109.775163,9t9vnh,-7.0,0,WECC,SOUTHWEST,Cochise AZ
AZ,Coconino,WECC,04005,35.829692,-111.773728,9w2ebd,-7.0,1,WECC,SOUTHWEST,Coconino AZ
AZ,Gila,WECC,04007,33.789618,-110.81187,9w10nr,-7.0,0,WECC,SOUTHWEST,Gila AZ
AZ,Graham,WECC,04009,32.931828,-109.87831,9tcg7e,-7.0,0,WECC,SOUTHWEST,Graham AZ
AZ,Greenlee,WECC,04011,33.238872,-109.242323,9tfm44,-7.0,0,WECC,SOUTHWEST,Greenlee AZ
AZ,La Paz,WECC,04012,33.72761,-114.038806,9myzug,-7.0,0,WECC,SOUTHWEST,La Paz AZ
AZ,Maricopa,WECC,04013,33.345176,-112.49893,9tbj8n,-7.0,0,WECC,SOUTHWEST,Maricopa AZ
AZ,Mohave,WECC,04015,35.717705,-113.749689,9qr55w,-7.0,0,WECC,SOUTHWEST,Mohave AZ
AZ,Navajo,WECC,04017,35.390785,-110.321025,9w393d,-7.0,1,WECC,SOUTHWEST,Navajo AZ
AZ,Pima,WECC,04019,32.128043,-111.783657,9t8wb2,-7.0,0,WECC,SOUTHWEST,Pima AZ
AZ,Pinal,WECC,04021,32.918521,-111.36634,9tbg3b,-7.0,0,WECC,SOUTHWEST,Pinal AZ
AZ,Santa Cruz,WECC,04023,31.525733,-110.845228,9t95me,-7.0,0,WECC,SOUTHWEST,Santa Cruz AZ
AZ,Yavapai,WECC,04025,34.631071,-112.577225,9qpvn0,-7.0,0,WECC,SOUTHWEST,Yavapai AZ
AZ,Yuma,WECC,04027,32.773942,-113.910905,9myfry,-7.0,0,WECC,SOUTHWEST,Yuma AZ
CA,Alameda,WECC,06001,37.647139,-121.912488,9q9q1v,-8.0,1,WECC,CAISO,Alameda CA
CA,Alpine,WECC,06003,38.621783,-119.798352,9qfg9y,-8.0,1,WECC,NORTHWEST,Alpine CA
CA,Amador,WECC,06005,38.44355,-120.653856,9qf4wq,-8.0,1,WECC,CAISO,Amador CA
CA,Butte,WECC,06007,39.665959,-121.601919,9r198u,-8.0,1,WECC,CAISO,Butte CA
CA,Calaveras,WECC,06009,38.1839,-120.561441,9qf30x,-8.0,1,WECC,CAISO,Calaveras CA
CA,Colusa,WECC,06011,39.177739,-122.237563,9qcnfk,-8.0,1,WECC,CAISO,Colusa CA
CA,Contra Costa,WECC,06013,37.919479,-121.951543,9q9r8z,-8.0,1,WECC,CAISO,Contra Costa CA
CA,Del Norte,WECC,06015,41.763958,-124.003614,9prvd4,-8.0,1,WECC,NORTHWEST,Del Norte CA
CA,El Dorado,WECC,06017,38.785612,-120.534225,9qfk9h,-8.0,1,WECC,CAISO,El Dorado CA
CA,Fresno,WECC,06019,36.761006,-119.655019,9qdcjh,-8.0,1,WECC,CAISO,Fresno CA
CA,Glenn,WECC,06021,39.602546,-122.4017,9r0cq9,-8.0,1,WECC,CAISO,Glenn CA
CA,Humboldt,WECC,06023,40.706655,-123.926176,9ppzef,-8.0,1,WECC,CAISO,Humboldt CA
CA,Imperial,WECC,06025,33.040814,-115.3554,9mvgzn,-8.0,1,WECC,IID,Imperial CA
CA,Inyo,WECC,06027,36.561977,-117.403927,9qkxbr,-8.0,1,WECC,IID,Inyo CA
CA,Kern,WECC,06029,35.346629,-118.729506,9q7944,-8.0,1,WECC,CAISO,Kern CA
CA,Kings,WECC,06031,36.072478,-119.81553,9q6v1w,-8.0,1,WECC,CAISO,Kings CA
CA,Lake,WECC,06033,39.094802,-122.746757,9qbwqu,-8.0,1,WECC,CAISO,Lake CA
CA,Lassen,WECC,06035,40.721086,-120.629952,9r4pwv,-8.0,1,WECC,NORTHWEST,Lassen CA
CA,Los Angeles,WECC,06037,34.196398,-118.261862,9q5fsc,-8.0,1,WECC,LADWP,Los Angeles CA
CA,Madera,WECC,06039,37.209821,-119.749802,9qdgej,-8.0,1,WECC,CAISO,Madera CA
CA,Marin,WECC,06041,38.051817,-122.745974,9qb8qz,-8.0,1,WECC,CAISO,Marin CA
CA,Mariposa,WECC,06043,37.57003,-119.912861,9qdtxr,-8.0,1,WECC,CAISO,Mariposa CA
CA,Mendocino,WECC,06045,39.432388,-123.442881,9r00qf,-8.0,1,WECC,CAISO,Mendocino CA
CA,Merced,WECC,06047,37.194806,-120.722802,9qd5sg,-8.0,1,WECC,CAISO,Merced CA
CA,Modoc,WECC,06049,41.592918,-120.71837,9r6hsg,-8.0,1,WECC,NORTHWEST,Modoc CA
CA,Mono,WECC,06051,37.915836,-118.875167,9qerwy,-8.0,1,WECC,NORTHWEST,Mono CA
CA,Monterey,WECC,06053,36.240107,-121.315572,9q3wpm,-8.0,1,WECC,CAISO,Monterey CA
CA,Napa,WECC,06055,38.5071,-122.325904,9qc506,-8.0,1,WECC,CAISO,Napa CA
CA,Nevada,WECC,06057,39.297508,-120.771343,9qfpec,-8.0,1,WECC,CAISO,Nevada CA
CA,Orange,WECC,06059,33.675687,-117.777207,9mupxf,-8.0,1,WECC,CAISO,Orange CA
CA,Placer,WECC,06061,39.062032,-120.722718,9qfnhz,-8.0,1,WECC,CAISO,Placer CA
CA,Plumas,WECC,06063,39.992295,-120.824371,9r45d8,-8.0,1,WECC,CAISO,Plumas CA
CA,Riverside,WECC,06065,33.729828,-116.002239,9mvxbk,-8.0,1,WECC,IID,Riverside CA
CA,Sacramento,WECC,06067,38.450016,-121.340441,9qcdwz,-8.0,1,WECC,CAISO,Sacramento CA
CA,San Benito,WECC,06069,36.611651,-121.085811,9q9bk8,-8.0,1,WECC,CAISO,San Benito CA
CA,San Bernardino,WECC,06071,34.85722,-116.181197,9qjqk1,-8.0,1,WECC,CAISO,San Bernardino CA
CA,San Diego,WECC,06073,33.023604,-116.776117,9mugye,-8.0,1,WECC,CAISO,San Diego CA
CA,San Francisco,WECC,06075,37.727239,-123.032229,9q8w8k,-8.0,1,WECC,CAISO,San Francisco CA
CA,San Joaquin,WECC,06077,37.934982,-121.272244,9q9zb3,-8.0,1,WECC,CAISO,San Joaquin CA
CA,San Luis Obispo,WECC,06079,35.385224,-120.447544,9q6371,-8.0,1,WECC,CAISO,San Luis Obispo CA
CA,San Mateo,WECC,06081,37.414672,-122.371546,9q8uz7,-8.0,1,WECC,CAISO,San Mateo CA
CA,Santa Barbara,WECC,06083,34.537057,-120.039973,9q4skr,-8.0,1,WECC,CAISO,Santa Barbara CA
CA,Santa Clara,WECC,06085,37.220695,-121.69051,9q97wz,-8.0,1,WECC,CAISO,Santa Clara CA
CA,Santa Cruz,WECC,06087,37.012488,-122.007205,9q94x9,-8.0,1,WECC,CAISO,Santa Cruz CA
CA,Shasta,WECC,06089,40.760514,-122.043556,9r1pyu,-8.0,1,WECC,CAISO,Shasta CA
CA,Sierra,WECC,06091,39.576925,-120.521993,9r431k,-8.0,1,WECC,CAISO,Sierra CA
CA,Siskiyou,WECC,06093,41.587986,-122.533287,9r2ued,-8.0,1,WECC,NORTHWEST,Siskiyou CA
CA,Solano,WECC,06095,38.267226,-121.939594,9qc39n,-8.0,1,WECC,CAISO,Solano CA
CA,Sonoma,WECC,06097,38.525182,-122.92611,9qbe4t,-8.0,1,WECC,CAISO,Sonoma CA
CA,Stanislaus,WECC,06099,37.562316,-121.002831,9q9vww,-8.0,1,WECC,CAISO,Stanislaus CA
CA,Sutter,WECC,06101,39.03619,-121.70394,9qcqnd,-8.0,1,WECC,CAISO,Sutter CA
CA,Tehama,WECC,06103,40.126157,-122.232274,9r1h68,-8.0,1,WECC,CAISO,Tehama CA
CA,Trinity,WECC,06105,40.647803,-123.114476,9r0rnr,-8.0,1,WECC,CAISO,Trinity CA
CA,Tulare,WECC,06107,36.228834,-118.781055,9q7w15,-8.0,1,WECC,CAISO,Tulare CA
CA,Tuolumne,WECC,06109,38.021434,-119.964733,9qf8q1,-8.0,1,WECC,CAISO,Tuolumne CA
CA,Ventura,WECC,06111,34.358741,-119.133143,9q573n,-8.0,1,WECC,CAISO,Ventura CA
CA,Yolo,WECC,06113,38.679596,-121.902441,9qck41,-8.0,1,WECC,CAISO,Yolo CA
CA,Yuba,WECC,06115,39.27013,-121.344259,9qcxqs,-8.0,1,WECC,CAISO,Yuba CA
CO,Adams,WECC,08001,39.874325,-104.331872,9xjfcf,-7.0,1,WECC,SOUTHWEST,Adams CO
CO,Alamosa,WECC,08003,37.568442,-105.788041,9wsv8x,-7.0,1,WECC,SOUTHWEST,Alamosa CO
CO,Arapahoe,WECC,08005,39.644554,-104.331706,9xjc9c,-7.0,1,WECC,SOUTHWEST,Arapahoe CO
CO,Archuleta,WECC,08007,37.202395,-107.050863,9wegeu,-7.0,1,WECC,SOUTHWEST,Archuleta CO
CO,Baca,WECC,08009,37.30978,-102.543741,9wxh68,-7.0,1,WECC,SOUTHWEST,Baca CO
CO,Bent,WECC,08011,37.931891,-103.077584,9wwxy3,-7.0,1,WECC,SOUTHWEST,Bent CO
CO,Boulder,WECC,08013,40.09497,-105.397691,9xjh1e,-7.0,1,WECC,SOUTHWEST,Boulder CO
CO,Broomfield,WECC,08014,39.953593,-105.050787,9xj739,-7.0,1,WECC,SOUTHWEST,Broomfield CO
CO,Chaffee,WECC,08015,38.738223,-106.316683,9wukks,-7.0,1,WECC,SOUTHWEST,Chaffee CO
CO,Cheyenne,WECC,08017,38.835646,-102.601791,9wzhcj,-7.0,1,WECC,SOUTHWEST,Cheyenne CO
CO,Clear Creek,WECC,08019,39.669732,-105.69257,9xhcdv,-7.0,1,WECC,SOUTHWEST,Clear Creek CO
CO,Conejos,WECC,08021,37.213406,-106.176447,9ws7xy,-7.0,1,WECC,SOUTHWEST,Conejos CO
CO,Costilla,WECC,08023,37.277547,-105.42894,9wth0f,-7.0,1,WECC,SOUTHWEST,Costilla CO
CO,Crowley,WECC,08025,38.30618,-103.772736,9wy1yt,-7.0,1,WECC,SOUTHWEST,Crowley CO
CO,Custer,WECC,08027,38.101996,-105.373512,9wv0f0,-7.0,1,WECC,SOUTHWEST,Custer CO
CO,Delta,WECC,08029,38.861595,-107.864892,9wgm16,-7.0,1,WECC,SOUTHWEST,Delta CO
CO,Denver,WECC,08031,39.76185,-104.881105,9xj6jq,-7.0,1,WECC,SOUTHWEST,Denver CO
CO,Dolores,WECC,08033,37.711723,-108.524116,9wdyd3,-7.0,1,WECC,SOUTHWEST,Dolores CO
CO,Douglas,WECC,08035,39.325414,-104.925987,9wvrsq,-7.0,1,WECC,SOUTHWEST,Douglas CO
CO,Eagle,WECC,08037,39.626992,-106.695169,9xh1kj,-7.0,1,WECC,SOUTHWEST,Eagle CO
CO,El Paso,WECC,08041,38.827383,-104.527472,9wvsvk,-7.0,1,WECC,SOUTHWEST,El Paso CO
CO,Elbert,WECC,08039,39.315157,-104.114076,9wvzwv,-7.0,1,WECC,SOUTHWEST,Elbert CO
CO,Fremont,WECC,08043,38.45517,-105.424958,9wv4bb,-7.0,1,WECC,SOUTHWEST,Fremont CO
CO,Garfield,WECC,08045,39.599352,-107.90978,9x5322,-7.0,1,WECC,SOUTHWEST,Garfield CO
CO,Gilpin,WECC,08047,39.861156,-105.528878,9xhfy8,-7.0,1,WECC,SOUTHWEST,Gilpin CO
CO,Grand,WECC,08049,40.113065,-106.110837,9xhs1q,-7.0,1,WECC,SOUTHWEST,Grand CO
CO,Gunnison,WECC,08051,38.670499,-107.05688,9wgggz,-7.0,1,WECC,SOUTHWEST,Gunnison CO
CO,Hinsdale,WECC,08053,37.821165,-107.338261,9wexjm,-7.0,1,WECC,SOUTHWEST,Hinsdale CO
CO,Huerfano,WECC,08055,37.687815,-104.959928,9wtq7s,-7.0,1,WECC,SOUTHWEST,Huerfano CO
CO,Jackson,WECC,08057,40.663432,-106.329248,9xhrk6,-7.0,1,WECC,SOUTHWEST,Jackson CO
CO,Jefferson,WECC,08059,39.579511,-105.245462,9xj1jj,-7.0,1,WECC,SOUTHWEST,Jefferson CO
CO,Kiowa,WECC,08061,38.387663,-102.756849,9wyfms,-7.0,1,WECC,SOUTHWEST,Kiowa CO
CO,Kit Carson,WECC,08063,39.30534,-102.603023,9wzp95,-7.0,1,WECC,SOUTHWEST,Kit Carson CO
CO,La Plata,WECC,08067,37.287367,-107.839718,9wek45,-7.0,1,WECC,SOUTHWEST,La Plata CO
CO,Lake,WECC,08065,39.205341,-106.350079,9wur5c,-7.0,1,WECC,SOUTHWEST,Lake CO
CO,Larimer,WECC,08069,40.658093,-105.486764,9xhzr9,-7.0,1,WECC,SOUTHWEST,Larimer CO
CO,Las Animas,WECC,08071,37.318831,-104.04411,9wwh23,-7.0,1,WECC,SOUTHWEST,Las Animas CO
CO,Lincoln,WECC,08073,38.99374,-103.507555,9wymud,-7.0,1,WECC,SOUTHWEST,Lincoln CO
CO,Logan,WECC,08075,40.728091,-103.090464,9xnxwn,-7.0,1,WECC,SOUTHWEST,Logan CO
CO,Mesa,WECC,08077,39.019524,-108.460571,9wfvgz,-7.0,1,WECC,SOUTHWEST,Mesa CO
CO,Mineral,WECC,08079,37.549067,-107.003236,9wevt5,-7.0,1,WECC,SOUTHWEST,Mineral CO
CO,Moffat,WECC,08081,40.610864,-108.217154,9x5p12,-7.0,1,WECC,SOUTHWEST,Moffat CO
CO,Montezuma,WECC,08083,37.338025,-108.595786,9wdu2v,-7.0,1,WECC,SOUTHWEST,Montezuma CO
CO,Montrose,WECC,08085,38.407507,-108.266282,9wg42r,-7.0,1,WECC,SOUTHWEST,Montrose CO
CO,Morgan,WECC,08087,40.263159,-103.81221,9xnjj9,-7.0,1,WECC,SOUTHWEST,Morgan CO
CO,Otero,WECC,08089,37.88417,-103.72126,9wwpxb,-7.0,1,WECC,SOUTHWEST,Otero CO
CO,Ouray,WECC,08091,38.154731,-107.78848,9wg351,-7.0,1,WECC,SOUTHWEST,Ouray CO
CO,Park,WECC,08093,39.118914,-105.717648,9wuyd3,-7.0,1,WECC,SOUTHWEST,Park CO
CO,Phillips,WECC,08095,40.594712,-102.345105,9xpnzn,-7.0,1,WECC,SOUTHWEST,Phillips CO
CO,Pitkin,WECC,08097,39.217538,-106.916159,9wgzp5,-7.0,1,WECC,SOUTHWEST,Pitkin CO
CO,Prowers,WECC,08099,37.958181,-102.392161,9wxpyn,-7.0,1,WECC,SOUTHWEST,Prowers CO
CO,Pueblo,WECC,08101,38.170658,-104.489892,9wv9nk,-7.0,1,WECC,SOUTHWEST,Pueblo CO
CO,Rio Blanco,WECC,08103,39.972622,-108.200716,9x553u,-7.0,1,WECC,SOUTHWEST,Rio Blanco CO
CO,Rio Grande,WECC,08105,37.485853,-106.453128,9wsm38,-7.0,1,WECC,SOUTHWEST,Rio Grande CO
CO,Routt,WECC,08107,40.483664,-106.987702,9x5ym3,-7.0,1,WECC,SOUTHWEST,Routt CO
CO,Saguache,WECC,08109,38.031651,-106.234666,9wu2qe,-7.0,1,WECC,SOUTHWEST,Saguache CO
CO,San Juan,WECC,08111,37.781049,-107.670257,9weqvv,-7.0,1,WECC,SOUTHWEST,San Juan CO
CO,San Miguel,WECC,08113,38.009319,-108.427263,9wfbhx,-7.0,1,WECC,SOUTHWEST,San Miguel CO
CO,Sedgwick,WECC,08115,40.871568,-102.355358,9xr0wb,-7.0,1,WECC,SOUTHWEST,Sedgwick CO
CO,Summit,WECC,08117,39.621023,-106.137555,9xh92u,-7.0,1,WECC,SOUTHWEST,Summit CO
CO,Teller,WECC,08119,38.869976,-105.187365,9wvjnk,-7.0,1,WECC,SOUTHWEST,Teller CO
CO,Washington,WECC,08121,39.96579,-103.209744,9xne77,-7.0,1,WECC,SOUTHWEST,Washington CO
CO,Weld,WECC,08123,40.555961,-104.383666,9xjy8w,-7.0,1,WECC,SOUTHWEST,Weld CO
CO,Yuma,WECC,08125,40.00077,-102.421649,9xp5t3,-7.0,1,WECC,SOUTHWEST,Yuma CO
ID,Ada,WECC,16001,43.451477,-116.244376,9rtr4y,-7.0,1,WECC,NORTHWEST,Ada ID
ID,Adams,WECC,16003,44.877004,-116.461624,9rvpmc,-7.0,1,WECC,NORTHWEST,Adams ID
ID,Bannock,WECC,16005,42.692921,-112.228982,9x84yh,-7.0,1,WECC,NORTHWEST,Bannock ID
ID,Bear Lake,WECC,16007,42.285892,-111.327517,9x8bd9,-7.0,1,WECC,NORTHWEST,Bear Lake ID
ID,Benewah,WECC,16009,47.218451,-116.633541,c2mh9g,-8.0,1,WECC,NORTHWEST,Benewah ID
ID,Bingham,WECC,16011,43.216357,-112.399206,9x8jf7,-7.0,1,WECC,NORTHWEST,Bingham ID
ID,Blaine,WECC,16013,43.394192,-113.955371,9rwyyg,-7.0,1,WECC,NORTHWEST,Blaine ID
ID,Boise,WECC,16015,43.987275,-115.71511,9rvdnz,-7.0,1,WECC,NORTHWEST,Boise ID
ID,Bonner,WECC,16017,48.316796,-116.612364,c2t4f7,-8.0,1,WECC,NORTHWEST,Bonner ID
ID,Bonneville,WECC,16019,43.395171,-111.621878,9x8wgg,-7.0,1,WECC,NORTHWEST,Bonneville ID
ID,Boundary,WECC,16021,48.773131,-116.524668,c2tjkq,-8.0,1,WECC,NORTHWEST,Boundary ID
ID,Butte,WECC,16023,43.685101,-113.177631,9rz888,-7.0,1,WECC,NORTHWEST,Butte ID
ID,Camas,WECC,16025,43.502552,-114.772135,9rwrkr,-7.0,1,WECC,NORTHWEST,Camas ID
ID,Canyon,WECC,16027,43.625796,-116.709058,9rv00j,-7.0,1,WECC,NORTHWEST,Canyon ID
ID,Caribou,WECC,16029,42.786072,-111.544273,9x8ems,-7.0,1,WECC,NORTHWEST,Caribou ID
ID,Cassia,WECC,16031,42.282313,-113.626328,9rx0w3,-7.0,1,WECC,NORTHWEST,Cassia ID
ID,Clark,WECC,16033,44.290218,-112.354613,9xb5gq,-7.0,1,WECC,NORTHWEST,Clark ID
ID,Clearwater,WECC,16035,46.67257,-115.6535,c2mc80,-8.0,1,WECC,NORTHWEST,Clearwater ID
ID,Custer,WECC,16037,44.273351,-114.252267,9rygb5,-7.0,1,WECC,NORTHWEST,Custer ID
ID,Elmore,WECC,16039,43.394698,-115.471205,9rtyu7,-7.0,1,WECC,NORTHWEST,Elmore ID
ID,Franklin,WECC,16041,42.173609,-111.822965,9x2rzm,-7.0,1,WECC,NORTHWEST,Franklin ID
ID,Fremont,WECC,16043,44.218091,-111.484429,9xbex1,-7.0,1,WECC,NORTHWEST,Fremont ID
ID,Gem,WECC,16045,44.061473,-116.398784,9rv4xm,-7.0,1,WECC,NORTHWEST,Gem ID
ID,Gooding,WECC,16047,42.973185,-114.82142,9rwk7p,-7.0,1,WECC,NORTHWEST,Gooding ID
ID,Idaho,WECC,16049,45.849644,-115.467337,c2juu6,-7.0,1,WECC,NORTHWEST,Idaho ID
ID,Jefferson,WECC,16051,43.796965,-112.318588,9xb1hh,-7.0,1,WECC,NORTHWEST,Jefferson ID
ID,Jerome,WECC,16053,42.691395,-114.262086,9rwdzg,-7.0,1,WECC,NORTHWEST,Jerome ID
ID,Kootenai,WECC,16055,47.675966,-116.695922,c2mp0x,-8.0,1,WECC,NORTHWEST,Kootenai ID
ID,Latah,WECC,16057,46.81892,-116.730974,c2kfre,-8.0,1,WECC,NORTHWEST,Latah ID
ID,Lemhi,WECC,16059,44.928506,-113.887042,9rzp86,-7.0,1,WECC,NORTHWEST,Lemhi ID
ID,Lewis,WECC,16061,46.236328,-116.42376,c2jpn9,-8.0,1,WECC,NORTHWEST,Lewis ID
ID,Lincoln,WECC,16063,42.986181,-114.153899,9rwud3,-7.0,1,WECC,NORTHWEST,Lincoln ID
ID,Madison,WECC,16065,43.788614,-111.656993,9xb955,-7.0,1,WECC,NORTHWEST,Madison ID
ID,Minidoka,WECC,16067,42.857211,-113.63984,9rx5y1,-7.0,1,WECC,NORTHWEST,Minidoka ID
ID,Nez Perce,WECC,16069,46.333791,-116.760909,c2hzx4,-8.0,1,WECC,NORTHWEST,Nez Perce ID
ID,Oneida,WECC,16071,42.183895,-112.520449,9rrzzx,-7.0,1,WECC,NORTHWEST,Oneida ID
ID,Owyhee,WECC,16073,42.572851,-116.18969,9rt6hn,-7.0,1,WECC,NORTHWEST,Owyhee ID
ID,Payette,WECC,16075,44.00243,-116.750238,9rufr6,-7.0,1,WECC,NORTHWEST,Payette ID
ID,Power,WECC,16077,42.694126,-112.844407,9rxfbh,-7.0,1,WECC,NORTHWEST,Power ID
ID,Shoshone,WECC,16079,47.347694,-115.885092,c2mt6g,-8.0,1,WECC,NORTHWEST,Shoshone ID
ID,Teton,WECC,16081,43.760994,-111.211765,9xbbvq,-7.0,1,WECC,NORTHWEST,Teton ID
ID,Twin Falls,WECC,16083,42.352309,-114.665639,9rw2yw,-7.0,1,WECC,NORTHWEST,Twin Falls ID
ID,Valley,WECC,16085,44.85596,-115.618061,9rvz1j,-7.0,1,WECC,NORTHWEST,Valley ID
ID,Washington,WECC,16087,44.448223,-116.797792,9ruuy5,-7.0,1,WECC,NORTHWEST,Washington ID
MT,Beaverhead,WECC,30001,45.133863,-112.892869,c2p8z0,-7.0,1,WECC,NORTHWEST,Beaverhead MT
MT,Big Horn,WECC,30003,45.407869,-107.518163,c85d36,-7.0,1,WECC,NORTHWEST,Big Horn MT
MT,Blaine,WECC,30005,48.428282,-108.967648,c8de82,-7.0,1,WECC,NORTHWEST,Blaine MT
MT,Broadwater,WECC,30007,46.329849,-111.497873,c80xwf,-7.0,1,WECC,NORTHWEST,Broadwater MT
MT,Carbon,WECC,30009,45.224468,-109.028554,c843qb,-7.0,1,WECC,NORTHWEST,Carbon MT
MT,Carter,WECC,30011,45.516825,-104.515324,c8jdvw,-7.0,1,WECC,NORTHWEST,Carter MT
MT,Cascade,WECC,30013,47.316575,-111.350262,c82v4j,-7.0,1,WECC,NORTHWEST,Cascade MT
MT,Chouteau,WECC,30015,47.886834,-110.4362,c892qv,-7.0,1,WECC,NORTHWEST,Chouteau MT
MT,Custer,WECC,30017,46.261414,-105.550352,c8hznj,-7.0,1,WECC,NORTHWEST,Custer MT
MT,Deer Lodge,WECC,30023,46.094672,-113.141624,c2pw1r,-7.0,1,WECC,NORTHWEST,Deer Lodge MT
MT,Fergus,WECC,30027,47.225221,-109.232138,c86kdm,-7.0,1,WECC,NORTHWEST,Fergus MT
MT,Flathead,WECC,30029,48.314678,-114.054295,c2wfue,-7.0,1,WECC,NORTHWEST,Flathead MT
MT,Gallatin,WECC,30031,45.518054,-111.163921,c80fyq,-7.0,1,WECC,NORTHWEST,Gallatin MT
MT,Garfield,WECC,30033,47.267184,-106.995991,c87uvh,-7.0,1,WECC,NORTHWEST,Garfield MT
MT,Glacier,WECC,30035,48.705671,-112.990502,c2xthf,-7.0,1,WECC,NORTHWEST,Glacier MT
MT,Golden Valley,WECC,30037,46.380624,-109.174586,c84rge,-7.0,1,WECC,NORTHWEST,Golden Valley MT
MT,Granite,WECC,30039,46.395955,-113.427356,c2prfy,-7.0,1,WECC,NORTHWEST,Granite MT
MT,Hill,WECC,30041,48.631959,-110.106321,c89swm,-7.0,1,WECC,NORTHWEST,Hill MT
MT,Jefferson,WECC,30043,46.124232,-112.059428,c80q6h,-7.0,1,WECC,NORTHWEST,Jefferson MT
MT,Judith Basin,WECC,30045,47.032558,-110.30532,c83e9f,-7.0,1,WECC,NORTHWEST,Judith Basin MT
MT,Lake,WECC,30047,47.642901,-114.083687,c2qz5c,-7.0,1,WECC,NORTHWEST,Lake MT
MT,Lewis and Clark,WECC,30049,47.132013,-112.373367,c82h4u,-7.0,1,WECC,NORTHWEST,Lewis and Clark MT
MT,Liberty,WECC,30051,48.559654,-111.036924,c89h32,-7.0,1,WECC,NORTHWEST,Liberty MT
MT,Lincoln,WECC,30053,48.552385,-115.463185,c2tuhw,-7.0,1,WECC,NORTHWEST,Lincoln MT
MT,Madison,WECC,30057,45.32529,-111.913791,c803v7,-7.0,1,WECC,NORTHWEST,Madison MT
MT,McCone,WECC,30055,47.629628,-105.757222,c8kycq,-7.0,1,WECC,NORTHWEST,McCone MT
MT,Meagher,WECC,30059,46.5857,-110.92174,c8315b,-7.0,1,WECC,NORTHWEST,Meagher MT
MT,Mineral,WECC,30061,47.151942,-115.065627,c2qhjx,-7.0,1,WECC,NORTHWEST,Mineral MT
MT,Missoula,WECC,30063,47.027263,-113.892691,c2r583,-7.0,1,WECC,NORTHWEST,Missoula MT
MT,Musselshell,WECC,30065,46.505281,-108.439763,c86bs6,-7.0,1,WECC,NORTHWEST,Musselshell MT
MT,Park,WECC,30067,45.421429,-110.53276,c816ku,-7.0,1,WECC,NORTHWEST,Park MT
MT,Petroleum,WECC,30069,47.141917,-108.226575,c87h1j,-7.0,1,WECC,NORTHWEST,Petroleum MT
MT,Phillips,WECC,30071,48.250143,-107.928897,c8e62p,-7.0,1,WECC,NORTHWEST,Phillips MT
MT,Pondera,WECC,30073,48.228604,-112.220761,c884q7,-7.0,1,WECC,NORTHWEST,Pondera MT
MT,Powder River,WECC,30075,45.408926,-105.555344,c8hfq4,-7.0,1,WECC,NORTHWEST,Powder River MT
MT,Powell,WECC,30077,46.844225,-112.9311,c2rdqp,-7.0,1,WECC,NORTHWEST,Powell MT
MT,Prairie,WECC,30079,46.812384,-105.503994,c8kfr1,-7.0,1,WECC,NORTHWEST,Prairie MT
MT,Ravalli,WECC,30081,46.077744,-114.105795,c2ny5k,-7.0,1,WECC,NORTHWEST,Ravalli MT
MT,Rosebud,WECC,30087,46.173233,-106.666746,c8hnst,-7.0,1,WECC,NORTHWEST,Rosebud MT
MT,Sanders,WECC,30089,47.756497,-115.180306,c2qpej,-7.0,1,WECC,NORTHWEST,Sanders MT
MT,Silver Bow,WECC,30093,45.896232,-112.660071,c2pvh7,-7.0,1,WECC,NORTHWEST,Silver Bow MT
MT,Stillwater,WECC,30095,45.658545,-109.381576,c845wz,-7.0,1,WECC,NORTHWEST,Stillwater MT
MT,Sweet Grass,WECC,30097,45.811292,-109.944796,c81ud5,-7.0,1,WECC,NORTHWEST,Sweet Grass MT
MT,Teton,WECC,30099,47.819035,-112.281725,c880hc,-7.0,1,WECC,NORTHWEST,Teton MT
MT,Toole,WECC,30101,48.645125,-111.733472,c88s9r,-7.0,1,WECC,NORTHWEST,Toole MT
MT,Treasure,WECC,30103,46.229441,-107.285772,c85wyx,-7.0,1,WECC,NORTHWEST,Treasure MT
MT,Valley,WECC,30105,48.34985,-106.670424,c8s5h9,-7.0,1,WECC,NORTHWEST,Valley MT
MT,Wheatland,WECC,30107,46.497047,-109.857147,c83bs0,-7.0,1,WECC,NORTHWEST,Wheatland MT
MT,Yellowstone,WECC,30111,45.936987,-108.276656,c85j24,-7.0,1,WECC,NORTHWEST,Yellowstone MT
NM,Bernalillo,WECC,35001,35.053628,-106.66908,9whpkt,-7.0,1,WECC,SOUTHWEST,Bernalillo NM
NM,Catron,WECC,35003,33.901621,-108.391928,9w4bv7,-7.0,1,WECC,SOUTHWEST,Catron NM
NM,Chaves,WECC,35005,33.361604,-104.469837,9tvty9,-7.0,1,WECC,SOUTHWEST,Chaves NM
NM,Cibola,WECC,35006,34.928272,-107.99268,9w5nww,-7.0,1,WECC,SOUTHWEST,Cibola NM
NM,Colfax,WECC,35007,36.612964,-104.64011,9wt86c,-7.0,1,WECC,SOUTHWEST,Colfax NM
NM,De Baca,WECC,35011,34.359273,-104.368696,9wjg3n,-7.0,1,WECC,SOUTHWEST,De Baca NM
NM,Doña Ana,WECC,35013,32.349919,-106.834968,9tu00c,-7.0,1,WECC,SOUTHWEST,Doña Ana NM
NM,Eddy,WECC,35015,32.457835,-104.306434,9tvbdk,-7.0,1,WECC,SOUTHWEST,Eddy NM
NM,Grant,WECC,35017,32.732087,-108.381504,9tffjw,-7.0,1,WECC,SOUTHWEST,Grant NM
NM,Guadalupe,WECC,35019,34.869782,-104.784968,9wjqre,-7.0,1,WECC,SOUTHWEST,Guadalupe NM
NM,Harding,WECC,35021,35.858516,-103.847925,9wq5uz,-7.0,1,WECC,SOUTHWEST,Harding NM
NM,Hidalgo,WECC,35023,31.898052,-108.751929,9tdtmq,-7.0,1,WECC,SOUTHWEST,Hidalgo NM
NM,Lincoln,WECC,35027,33.740841,-105.449805,9tvpbq,-7.0,1,WECC,SOUTHWEST,Lincoln NM
NM,Los Alamos,WECC,35028,35.870047,-106.307968,9wkkhc,-7.0,1,WECC,SOUTHWEST,Los Alamos NM
NM,Luna,WECC,35029,32.184523,-107.747191,9terh5,-7.0,1,WECC,SOUTHWEST,Luna NM
NM,McKinley,WECC,35031,35.583878,-108.253266,9w742t,-7.0,1,WECC,SOUTHWEST,McKinley NM
NM,Mora,WECC,35033,35.982841,-104.921898,9wmksq,-7.0,1,WECC,SOUTHWEST,Mora NM
NM,Otero,WECC,35035,32.615599,-105.751308,9tuc99,-7.0,1,WECC,SOUTHWEST,Otero NM
NM,Rio Arriba,WECC,35039,36.509669,-106.693983,9wkpsn,-7.0,1,WECC,SOUTHWEST,Rio Arriba NM
NM,San Juan,WECC,35045,36.511624,-108.324578,9w6zxn,-7.0,1,WECC,SOUTHWEST,San Juan NM
NM,San Miguel,WECC,35047,35.476859,-104.803519,9wm3z4,-7.0,1,WECC,SOUTHWEST,San Miguel NM
NM,Sandoval,WECC,35043,35.685091,-106.883119,9w7gpb,-7.0,1,WECC,SOUTHWEST,Sandoval NM
NM,Santa Fe,WECC,35049,35.51453,-105.963972,9wkdh9,-7.0,1,WECC,SOUTHWEST,Santa Fe NM
NM,Sierra,WECC,35051,33.119468,-107.188161,9tgu2v,-7.0,1,WECC,SOUTHWEST,Sierra NM
NM,Socorro,WECC,35053,33.991658,-106.939136,9w5cqe,-7.0,1,WECC,SOUTHWEST,Socorro NM
NM,Taos,WECC,35055,36.576529,-105.637986,9wsbh4,-7.0,1,WECC,SOUTHWEST,Taos NM
NM,Torrance,WECC,35057,34.554978,-105.890557,9whsw6,-7.0,1,WECC,SOUTHWEST,Torrance NM
NM,Union,WECC,35059,36.488085,-103.475723,9wqrt6,-7.0,1,WECC,SOUTHWEST,Union NM
NM,Valencia,WECC,35061,34.71684,-106.806582,9whj98,-7.0,1,WECC,SOUTHWEST,Valencia NM
NV,Carson City,WECC,32510,39.15306,-119.747368,9qfyep,-7.0,1,WECC,NORTHWEST,Carson City NV
NV,Churchill,WECC,32001,39.53771,-118.264166,9r5buv,-7.0,1,WECC,NORTHWEST,Churchill NV
NV,Clark,WECC,32003,36.214257,-115.013812,9qqnnb,-7.0,1,WECC,NORTHWEST,Clark NV
NV,Douglas,WECC,32005,38.905129,-119.609019,9qfvq4,-7.0,1,WECC,NORTHWEST,Douglas NV
NV,Elko,WECC,32007,41.141133,-115.351424,9rmfp1,-7.0,1,WECC,NORTHWEST,Elko NV
NV,Esmeralda,WECC,32009,37.778966,-117.632382,9qsqgj,-7.0,1,WECC,CAISO,Esmeralda NV
NV,Eureka,WECC,32011,39.977788,-116.272208,9rj76j,-7.0,1,WECC,NORTHWEST,Eureka NV
NV,Humboldt,WECC,32013,41.407914,-118.127591,9r7gxf,-7.0,1,WECC,NORTHWEST,Humboldt NV
NV,Lander,WECC,32015,39.90021,-117.04724,9rhfbx,-7.0,1,WECC,NORTHWEST,Lander NV
NV,Lincoln,WECC,32017,37.634605,-114.863037,9qwq45,-7.0,1,WECC,NORTHWEST,Lincoln NV
NV,Lyon,WECC,32019,39.022213,-119.197425,9qgjzx,-7.0,1,WECC,NORTHWEST,Lyon NV
NV,Mineral,WECC,32021,38.516647,-118.416279,9qgg17,-7.0,1,WECC,NORTHWEST,Mineral NV
NV,Nye,WECC,32023,37.965864,-116.459011,9qtpvz,-7.0,1,WECC,CAISO,Nye NV
NV,Pershing,WECC,32027,40.439639,-118.409477,9r5y19,-7.0,1,WECC,NORTHWEST,Pershing NV
NV,Storey,WECC,32029,39.438385,-119.524646,9r5025,-7.0,1,WECC,NORTHWEST,Storey NV
NV,Washoe,WECC,32031,40.73132,-119.663269,9r4zsy,-7.0,1,WECC,NORTHWEST,Washoe NV
NV,White Pine,WECC,32033,39.418234,-114.900605,9rn21r,-7.0,1,WECC,NORTHWEST,White Pine NV
OR,Baker,WECC,41001,44.703427,-117.691933,9ruq3f,-8.0,1,WECC,NORTHWEST,Baker OR
OR,Benton,WECC,41003,44.493882,-123.424664,9rbjp7,-8.0,1,WECC,NORTHWEST,Benton OR
OR,Clackamas,WECC,41005,45.160493,-122.195127,c210gm,-8.0,1,WECC,NORTHWEST,Clackamas OR
OR,Clatsop,WECC,41007,46.024509,-123.705037,c20jc4,-8.0,1,WECC,NORTHWEST,Clatsop OR
OR,Columbia,WECC,41009,45.941932,-123.081079,c20mr5,-8.0,1,WECC,NORTHWEST,Columbia OR
OR,Coos,WECC,41011,43.18591,-124.094133,9pxv8j,-8.0,1,WECC,NORTHWEST,Coos OR
OR,Crook,WECC,41013,44.163054,-120.371585,9rf7hz,-8.0,1,WECC,NORTHWEST,Crook OR
OR,Curry,WECC,41015,42.466439,-124.210929,9px9td,-8.0,1,WECC,NORTHWEST,Curry OR
OR,Deschutes,WECC,41017,43.915118,-121.225575,9rccc6,-8.0,1,WECC,NORTHWEST,Deschutes OR
OR,Douglas,WECC,41019,43.286328,-123.154476,9r8qm8,-8.0,1,WECC,NORTHWEST,Douglas OR
OR,Gilliam,WECC,41021,45.43059,-120.319901,c246qn,-8.0,1,WECC,NORTHWEST,Gilliam OR
OR,Grant,WECC,41023,44.496326,-119.014057,9rgm5u,-8.0,1,WECC,NORTHWEST,Grant OR
OR,Harney,WECC,41025,43.064449,-118.987169,9rekur,-8.0,1,WECC,NORTHWEST,Harney OR
OR,Hood River,WECC,41027,45.511775,-121.655976,c216zt,-8.0,1,WECC,NORTHWEST,Hood River OR
OR,Jackson,WECC,41029,42.411621,-122.675611,9r8c22,-8.0,1,WECC,NORTHWEST,Jackson OR
OR,Jefferson,WECC,41031,44.645151,-121.178632,9rcvfx,-8.0,1,WECC,NORTHWEST,Jefferson OR
OR,Josephine,WECC,41033,42.386983,-123.57162,9r81hh,-8.0,1,WECC,NORTHWEST,Josephine OR
OR,Klamath,WECC,41035,42.683761,-121.646168,9r96zf,-8.0,1,WECC,NORTHWEST,Klamath OR
OR,Lake,WECC,41037,42.788401,-120.38979,9rd7km,-8.0,1,WECC,NORTHWEST,Lake OR
OR,Lane,WECC,41039,43.928329,-122.89769,9rb9gk,-8.0,1,WECC,NORTHWEST,Lane OR
OR,Lincoln,WECC,41041,44.641061,-123.911212,9pzvuq,-8.0,1,WECC,NORTHWEST,Lincoln OR
OR,Linn,WECC,41043,44.488898,-122.537208,9rbv5d,-8.0,1,WECC,NORTHWEST,Linn OR
OR,Malheur,WECC,41045,43.188625,-117.603191,9rsmey,-7.0,1,WECC,NORTHWEST,Malheur OR
OR,Marion,WECC,41047,44.900898,-122.57626,9rbz6t,-8.0,1,WECC,NORTHWEST,Marion OR
OR,Morrow,WECC,41049,45.425496,-119.602311,c24fqm,-8.0,1,WECC,NORTHWEST,Morrow OR
OR,Multnomah,WECC,41051,45.547711,-122.417363,c20gn7,-8.0,1,WECC,NORTHWEST,Multnomah OR
OR,Polk,WECC,41053,44.900375,-123.398673,9rbprv,-8.0,1,WECC,NORTHWEST,Polk OR
OR,Sherman,WECC,41055,45.399216,-120.678512,c244mb,-8.0,1,WECC,NORTHWEST,Sherman OR
OR,Tillamook,WECC,41057,45.45589,-123.759299,c0pfxf,-8.0,1,WECC,NORTHWEST,Tillamook OR
OR,Umatilla,WECC,41059,45.5912,-118.73388,c25e65,-8.0,1,WECC,NORTHWEST,Umatilla OR
OR,Union,WECC,41061,45.304081,-117.999149,c2h1dz,-8.0,1,WECC,NORTHWEST,Union OR
OR,Wallowa,WECC,41063,45.593753,-117.18558,c2hemk,-8.0,1,WECC,NORTHWEST,Wallowa OR
OR,Wasco,WECC,41065,45.164536,-121.165069,c21bfv,-8.0,1,WECC,NORTHWEST,Wasco OR
OR,Washington,WECC,41067,45.553542,-123.097615,c207nu,-8.0,1,WECC,NORTHWEST,Washington OR
OR,Wheeler,WECC,41069,44.736415,-120.026861,9rfws8,-8.0,1,WECC,NORTHWEST,Wheeler OR
OR,Yamhill,WECC,41071,45.247827,-123.316399,c2033v,-8.0,1,WECC,NORTHWEST,Yamhill OR
SD,Custer,WECC,46033,43.684943,-103.46225,9xy2t8,-6.0,1,WECC,SPP,Custer SD
SD,Fall River,WECC,46047,43.221619,-103.512609,9xwmus,-7.0,1,WECC,SPP,Fall River SD
SD,Lawrence,WECC,46081,44.348767,-103.804947,9xyhmc,-7.0,1,WECC,SPP,Lawrence SD
TX,El Paso,WECC,48141,31.76648,-106.241424,9tskwq,-7.0,1,WECC,ERCOT,El Paso TX
UT,Beaver,WECC,49001,38.357535,-113.238948,9qz6pn,-7.0,1,WECC,SOUTHWEST,Beaver UT
UT,Box Elder,WECC,49003,41.276061,-113.126226,9rrdcd,-7.0,1,WECC,SOUTHWEST,Box Elder UT
UT,Cache,WECC,49005,41.734117,-111.745399,9x2t3j,-7.0,1,WECC,SOUTHWEST,Cache UT
UT,Carbon,WECC,49007,39.673284,-110.588484,9x13eq,-7.0,1,WECC,SOUTHWEST,Carbon UT
UT,Daggett,WECC,49009,40.890099,-109.505785,9x60s5,-7.0,1,WECC,SOUTHWEST,Daggett UT
UT,Davis,WECC,49011,41.037559,-112.201943,9x21qy,-7.0,1,WECC,SOUTHWEST,Davis UT
UT,Duchesne,WECC,49013,40.289393,-110.429584,9x1mpn,-7.0,1,WECC,SOUTHWEST,Duchesne UT
UT,Emery,WECC,49015,39.009025,-110.7211,9wcmbm,-7.0,1,WECC,SOUTHWEST,Emery UT
UT,Garfield,WECC,49017,37.831664,-111.450908,9w8xpz,-7.0,1,WECC,SOUTHWEST,Garfield UT
UT,Grand,WECC,49019,38.974326,-109.57345,9wfjdx,-7.0,1,WECC,SOUTHWEST,Grand UT
UT,Iron,WECC,49021,37.909304,-113.30674,9qxrtt,-7.0,1,WECC,SOUTHWEST,Iron UT
UT,Juab,WECC,49023,39.71412,-112.790471,9rpccm,-7.0,1,WECC,SOUTHWEST,Juab UT
UT,Kane,WECC,49025,37.275089,-111.815329,9w8kp9,-7.0,1,WECC,SOUTHWEST,Kane UT
UT,Millard,WECC,49027,38.956744,-113.133092,9qzt9e,-7.0,1,WECC,SOUTHWEST,Millard UT
UT,Morgan,WECC,49029,41.091027,-111.577885,9x29ub,-7.0,1,WECC,SOUTHWEST,Morgan UT
UT,Piute,WECC,49031,38.335881,-112.129375,9wb606,-7.0,1,WECC,SOUTHWEST,Piute UT
UT,Rich,WECC,49033,41.627598,-111.240227,9x2uud,-7.0,1,WECC,SOUTHWEST,Rich UT
UT,Salt Lake,WECC,49035,40.667883,-111.92424,9x0rm5,-7.0,1,WECC,SOUTHWEST,Salt Lake UT
UT,San Juan,WECC,49037,37.602633,-109.791574,9w9vvt,-7.0,1,WECC,SOUTHWEST,San Juan UT
UT,Sanpete,WECC,49039,39.382531,-111.572883,9x08j1,-7.0,1,WECC,SOUTHWEST,Sanpete UT
UT,Sevier,WECC,49041,38.746824,-111.81193,9wbkrt,-7.0,1,WECC,SOUTHWEST,Sevier UT
UT,Summit,WECC,49043,40.87206,-110.968486,9x30db,-7.0,1,WECC,SOUTHWEST,Summit UT
UT,Tooele,WECC,49045,40.467753,-113.123979,9rpw1y,-7.0,1,WECC,SOUTHWEST,Tooele UT
UT,Uintah,WECC,49047,40.125887,-109.517748,9x4h7b,-7.0,1,WECC,SOUTHWEST,Uintah UT
UT,Utah,WECC,49049,40.120425,-111.668508,9x0s4z,-7.0,1,WECC,SOUTHWEST,Utah UT
UT,Wasatch,WECC,49051,40.334884,-111.161568,9x0vqq,-7.0,1,WECC,SOUTHWEST,Wasatch UT
UT,Washington,WECC,49053,37.262531,-113.4878,9qx7cx,-7.0,1,WECC,SOUTHWEST,Washington UT
UT,Wayne,WECC,49055,38.25984,-110.990877,9wc1dk,-7.0,1,WECC,SOUTHWEST,Wayne UT
UT,Weber,WECC,49057,41.270325,-111.876883,9x26y1,-7.0,1,WECC,SOUTHWEST,Weber UT
WA,Adams,WECC,53001,47.011238,-118.512861,c27ern,-8.0,1,WECC,NORTHWEST,Adams WA
WA,Asotin,WECC,53003,46.181861,-117.227781,c2hwsr,-8.0,1,WECC,NORTHWEST,Asotin WA
WA,Benton,WECC,53005,46.228125,-119.516659,c25nbr,-8.0,1,WECC,NORTHWEST,Benton WA
WA,Chelan,WECC,53007,47.860974,-120.619041,c2d0r0,-8.0,1,WECC,NORTHWEST,Chelan WA
WA,Clallam,WECC,53009,48.110903,-123.88986,c0xcsy,-8.0,1,WECC,NORTHWEST,Clallam WA
WA,Clark,WECC,53011,45.77173,-122.485953,c20uku,-8.0,1,WECC,NORTHWEST,Clark WA
WA,Columbia,WECC,53013,46.29285,-117.911634,c2hpkg,-8.0,1,WECC,NORTHWEST,Columbia WA
WA,Cowlitz,WECC,53015,46.196785,-122.67846,c20yb3,-8.0,1,WECC,NORTHWEST,Cowlitz WA
WA,Douglas,WECC,53017,47.741763,-119.694622,c26zs7,-8.0,1,WECC,NORTHWEST,Douglas WA
WA,Ferry,WECC,53019,48.473256,-118.533589,c2eey8,-8.0,1,WECC,NORTHWEST,Ferry WA
WA,Franklin,WECC,53021,46.53458,-118.906944,c272wp,-8.0,1,WECC,NORTHWEST,Franklin WA
WA,Garfield,WECC,53023,46.429478,-117.536711,c2k2jk,-8.0,1,WECC,NORTHWEST,Garfield WA
WA,Grant,WECC,53025,47.213633,-119.467788,c27h96,-8.0,1,WECC,NORTHWEST,Grant WA
WA,Grays Harbor,WECC,53027,47.113732,-123.826735,c0run2,-8.0,1,WECC,NORTHWEST,Grays Harbor WA
WA,Island,WECC,53029,48.158554,-122.670649,c28cbw,-8.0,1,WECC,NORTHWEST,Island WA
WA,Jefferson,WECC,53031,47.805708,-123.527057,c22pvn,-8.0,1,WECC,NORTHWEST,Jefferson WA
WA,King,WECC,53033,47.490599,-121.833996,c23q5t,-8.0,1,WECC,NORTHWEST,King WA
WA,Kitsap,WECC,53035,47.639595,-122.649634,c22z10,-8.0,1,WECC,NORTHWEST,Kitsap WA
WA,Kittitas,WECC,53037,47.124441,-120.676709,c26hjf,-8.0,1,WECC,NORTHWEST,Kittitas WA
WA,Klickitat,WECC,53039,45.870446,-120.779305,c24hgw,-8.0,1,WECC,NORTHWEST,Klickitat WA
WA,Lewis,WECC,53041,46.580071,-122.377444,c22bzp,-8.0,1,WECC,NORTHWEST,Lewis WA
WA,Lincoln,WECC,53043,47.582743,-118.417692,c27y9q,-8.0,1,WECC,NORTHWEST,Lincoln WA
WA,Mason,WECC,53045,47.354126,-123.17385,c22mmh,-8.0,1,WECC,NORTHWEST,Mason WA
WA,Okanogan,WECC,53047,48.548453,-119.742235,c2du5j,-8.0,1,WECC,NORTHWEST,Okanogan WA
WA,Pacific,WECC,53049,46.556587,-123.782419,c0rbz7,-8.0,1,WECC,NORTHWEST,Pacific WA
WA,Pend Oreille,WECC,53051,48.543825,-117.232191,c2sshm,-8.0,1,WECC,NORTHWEST,Pend Oreille WA
WA,Pierce,WECC,53053,47.051413,-122.15324,c235sm,-8.0,1,WECC,NORTHWEST,Pierce WA
WA,San Juan,WECC,53055,48.50719,-123.103769,c287yw,-8.0,1,WECC,NORTHWEST,San Juan WA
WA,Skagit,WECC,53057,48.493292,-121.81577,c297u5,-8.0,1,WECC,NORTHWEST,Skagit WA
WA,Skamania,WECC,53059,46.024785,-121.953232,c21mbf,-8.0,1,WECC,NORTHWEST,Skamania WA
WA,Snohomish,WECC,53061,48.070464,-121.936784,c2933q,-8.0,1,WECC,NORTHWEST,Snohomish WA
WA,Spokane,WECC,53063,47.620375,-117.403371,c2kwbm,-8.0,1,WECC,NORTHWEST,Spokane WA
WA,Stevens,WECC,53065,48.388727,-117.854454,c2s5q0,-8.0,1,WECC,NORTHWEST,Stevens WA
WA,Thurston,WECC,53067,46.935822,-122.830152,c22ehb,-8.0,1,WECC,NORTHWEST,Thurston WA
WA,Wahkiakum,WECC,53069,46.294638,-123.424458,c20pr7,-8.0,1,WECC,NORTHWEST,Wahkiakum WA
WA,Walla Walla,WECC,53071,46.254606,-118.48037,c25xpu,-8.0,1,WECC,NORTHWEST,Walla Walla WA
WA,Whatcom,WECC,53073,48.842653,-121.836432,c29mge,-8.0,1,WECC,NORTHWEST,Whatcom WA
WA,Whitman,WECC,53075,46.905944,-117.53539,c2k6v6,-8.0,1,WECC,NORTHWEST,Whitman WA
WA,Yakima,WECC,53077,46.456558,-120.740145,c260k3,-8.0,1,WECC,NORTHWEST,Yakima WA
WY,Albany,WECC,56001,41.665514,-105.721883,9xkv40,-7.0,1,WECC,NORTHWEST,Albany WY
WY,Big Horn,WECC,56003,44.525117,-107.994848,9xgjq9,-7.0,1,WECC,NORTHWEST,Big Horn WY
WY,Campbell,WECC,56005,44.191999,-105.517014,9xugqu,-7.0,1,WECC,NORTHWEST,Campbell WY
WY,Carbon,WECC,56007,41.70359,-106.933153,9x7vnx,-7.0,1,WECC,NORTHWEST,Carbon WY
WY,Converse,WECC,56009,42.984623,-105.524752,9xsuw9,-7.0,1,WECC,NORTHWEST,Converse WY
WY,Crook,WECC,56011,44.589266,-104.567298,9xvtst,-7.0,1,WECC,NORTHWEST,Crook WY
WY,Fremont,WECC,56013,43.054831,-108.608935,9xdubt,-7.0,1,WECC,NORTHWEST,Fremont WY
WY,Goshen,WECC,56015,42.089455,-104.35354,9xmz3q,-7.0,1,WECC,NORTHWEST,Goshen WY
WY,Hot Springs,WECC,56017,43.720209,-108.435076,9xfbsr,-7.0,1,WECC,NORTHWEST,Hot Springs WY
WY,Johnson,WECC,56019,44.044048,-106.588541,9xu4w9,-7.0,1,WECC,NORTHWEST,Johnson WY
WY,Laramie,WECC,56021,41.29283,-104.660395,9xmdfm,-7.0,1,WECC,NORTHWEST,Laramie WY
WY,Lincoln,WECC,56023,42.229993,-110.682961,9x921r,-7.0,1,WECC,NORTHWEST,Lincoln WY
WY,Natrona,WECC,56025,42.977645,-106.768219,9xsh6r,-7.0,1,WECC,NORTHWEST,Natrona WY
WY,Niobrara,WECC,56027,43.062159,-104.468373,9xtsyz,-7.0,1,WECC,NORTHWEST,Niobrara WY
WY,Park,WECC,56029,44.492387,-109.593597,9xfj45,-7.0,1,WECC,NORTHWEST,Park WY
WY,Platte,WECC,56031,42.131593,-104.953963,9xmret,-7.0,1,WECC,NORTHWEST,Platte WY
WY,Sheridan,WECC,56033,44.781369,-106.881211,9xgyzb,-7.0,1,WECC,NORTHWEST,Sheridan WY
WY,Sublette,WECC,56035,42.767928,-109.91617,9x9g6c,-7.0,1,WECC,NORTHWEST,Sublette WY
WY,Sweetwater,WECC,56037,41.660328,-108.875677,9x6t42,-7.0,1,WECC,NORTHWEST,Sweetwater WY
WY,Teton,WECC,56039,44.048662,-110.426087,9xc6x4,-7.0,1,WECC,NORTHWEST,Teton WY
WY,Uinta,WECC,56041,41.284726,-110.558947,9x36u5,-7.0,1,WECC,NORTHWEST,Uinta WY
WY,Washakie,WECC,56043,43.878831,-107.669052,9xg3tg,-7.0,1,WECC,NORTHWEST,Washakie WY
WY,Weston,WECC,56045,43.846213,-104.57002,9xv9km,-7.0,1,WECC,NORTHWEST,Weston WY
