county,node
9mugye,9muccv
9mupxf,9mupsy
9mvgzn,9mvgw4
9mvxbk,9qj152
9myfry,9mzqxj
9myzug,9qndpr
9ppzef,9pr8ne
9prvd4,9pr8ne
9px9td,9r88yx
9pxv8j,9rb6wg
9pzvuq,9rb6wg
9q3wpm,9q92vz
9q4skr,9q603v
9q573n,9q5sgb
9q5fsc,9q5fm0
9q6371,9q613c
9q6v1w,9q6tde
9q7944,9q5zqv
9q7w15,9qdbm8
9q8uz7,9q9hgh
9q8w8k,9q8yqr
9q94x9,9q97v8
9q97wz,9q97v8
9q9bk8,9q9fy1
9q9q1v,9q9m24
9q9r8z,9qc0p1
9q9vww,9q9wtp
9q9zb3,9qcbq0
9qb8qz,9qbbed
9qbe4t,9qben2
9qbwqu,9qcjcp
9qc39n,9qc63x
9qc506,9qbcde
9qcdwz,9qcem3
9qck41,9qc63x
9qcnfk,9qcjcp
9qcqnd,9qct8r
9qcxqs,9qcxqg
9qd5sg,9q9fy1
9qdcjh,9qdbm8
9qdgej,9qd9xh
9qdtxr,9qd9xh
9qerwy,9qe6tq
9qf30x,9qcbq0
9qf4wq,9qcf5u
9qf8q1,9qcbq0
9qfg9y,9r4bc7
9qfk9h,9qcggm
9qfnhz,9qcxqg
9qfpec,9qcxqg
9qfvq4,9r4bc7
9qfyep,9r4bc7
9qgg17,9r50xy
9qgjzx,9r50xy
9qjqk1,9qhsdk
9qkxbr,9qe6tq
9qpvn0,9w01f3
9qqnnb,9qqk6u
9qr55w,9qqk6u
9qsqgj,9qe6tq
9qtpvz,9qw0kp
9qwq45,9qw0kp
9qx7cx,9qw0kp
9qxrtt,9wbmjr
9qz6pn,9wbmjr
9qzt9e,9rpbwn
9r00qf,9r106e
9r0cq9,9r106e
9r0rnr,9r0vxp
9r198u,9r13pb
9r1h68,9r1jcf
9r1pyu,9r321k
9r2ued,9r88yx
9r431k,9r4bc7
9r45d8,9r13pb
9r4pwv,9r321k
9r4zsy,9r4bc7
9r5025,9r4bc7
9r5buv,9r50xy
9r5y19,9r50xy
9r6hsg,9r3wzq
9r7gxf,9rkf69
9r81hh,9r88yx
9r8c22,9r88yx
9r8qm8,9rb6wg
9r96zf,9r9uxw
9rb9gk,9rb6wg
9rbjp7,9rb6wg
9rbprv,9rb6wg
9rbv5d,9rb6wg
9rbz6t,9rb6wg
9rccc6,9rcvn1
9rcvfx,9rcvn1
9rd7km,9r9uxw
9rekur,9rg8bx
9rf7hz,9rcvn1
9rfws8,9rcvn1
9rgm5u,9rg8bx
9rhfbx,9rkf69
9rj76j,9rn2tf
9rmfp1,9rkf69
9rn21r,9rn2tf
9rpccm,9rpbwn
9rpw1y,9x0mgn
9rrdcd,9x27ep
9rrzzx,9x27ep
9rsmey,9rg8bx
9rt6hn,9rwgcr
9rtr4y,9rwgcr
9rtyu7,9rwgcr
9rufr6,9rg8bx
9ruq3f,9rg8bx
9ruuy5,9rg8bx
9rv00j,9rg8bx
9rv4xm,9rg8bx
9rvdnz,9rwgcr
9rvpmc,9rg8bx
9rvz1j,9rwgcr
9rw2yw,9rwgcr
9rwdzg,9rwgcr
9rwk7p,9rwgcr
9rwrkr,9rwgcr
9rwud3,9rwgcr
9rwyyg,9rwgcr
9rx0w3,9rx7st
9rx5y1,9rx7st
9rxfbh,9rx7st
9rygb5,9rwgcr
9rz888,9rx7st
9rzp86,c2r8x7
9t8wb2,9mzqxj
9t95me,9mzqxj
9t9vnh,9w01f3
9tbg3b,9w01f3
9tbj8n,9mzqxj
9tcg7e,9w1wf0
9tdtmq,9w1wf0
9terh5,9w1zzg
9tffjw,9w1zzg
9tfm44,9w1wf0
9tgu2v,9w1zzg
9tskwq,9w1zzg
9tu00c,9w1zzg
9tuc99,9w1zzg
9tvbdk,9w1zzg
9tvpbq,9w1zzg
9tvty9,9w1zzg
9w10nr,9w1wf0
9w2ebd,9w3h8n
9w393d,9w1wf0
9w4bv7,9w1zzg
9w5cqe,9w1zzg
9w5nww,9w1zzg
9w61k3,9w1zzg
9w6zxn,9wdb95
9w742t,9wdb95
9w7gpb,9we1bp
9w8kp9,9w94m0
9w8xpz,9w94m0
9w9vvt,9wdr2q
9wb606,9wbmjr
9wbkrt,9wbmjr
9wc1dk,9wbmjr
9wcmbm,9wbmjr
9wdu2v,9we1bp
9wdyd3,9wdr2q
9wegeu,9we1bp
9wek45,9we1bp
9weqvv,9we1bp
9wevt5,9we1bp
9wexjm,9we1bp
9wfbhx,9wdr2q
9wfjdx,9x47er
9wfvgz,9x47er
9wg351,9wdr2q
9wg42r,9wdr2q
9wgggz,9wve62
9wgm16,9wdr2q
9wgzp5,9x5w98
9whj98,9w1zzg
9whpkt,9wdb95
9whsw6,9wdb95
9wjg3n,9we1bp
9wjqre,9we1bp
9wkdh9,9we1bp
9wkkhc,9we1bp
9wkpsn,9we1bp
9wm3z4,9wve62
9wmksq,9wve62
9wq5uz,9wve62
9wqrt6,9wve62
9ws7xy,9we1bp
9wsbh4,9wve62
9wsm38,9we1bp
9wsv8x,9wve62
9wt86c,9wve62
9wth0f,9wve62
9wtq7s,9wve62
9wu2qe,9wve62
9wukks,9wve62
9wur5c,9wve62
9wuyd3,9wve62
9wv0f0,9wve62
9wv4bb,9wve62
9wv9nk,9wve62
9wvjnk,9wve62
9wvrsq,9wve62
9wvsvk,9wve62
9wvzwv,9wve62
9wwh23,9wve62
9wwpxb,9wve62
9wwxy3,9wve62
9wxh68,9wve62
9wxpyn,9wve62
9wy1yt,9wve62
9wyfms,9wve62
9wymud,9wve62
9wzhcj,9wve62
9wzp95,9wve62
9x08j1,9wbmjr
9x0rm5,9x0ryy
9x0s4z,9x0gc5
9x0vqq,9x0gc5
9x13eq,9x0gc5
9x1mpn,9x0gc5
9x21qy,9x0ryy
9x26y1,9x27ep
9x29ub,9x0ryy
9x2rzm,9x27ep
9x2t3j,9x27ep
9x2uud,9x3mfn
9x30db,9x0ryy
9x36u5,9x3mfn
9x4h7b,9x47er
9x5322,9x5w98
9x553u,9x47er
9x5p12,9x5w98
9x5ym3,9x5w98
9x60s5,9x47er
9x6t42,9x6z6m
9x7vnx,9xkgmv
9x84yh,9rx7st
9x8bd9,9x3mfn
9x8ems,9x3mfn
9x8jf7,9rx7st
9x8wgg,9rx7st
9x921r,9x3mfn
9x9g6c,9x3mfn
9xb1hh,9rx7st
9xb5gq,9rx7st
9xb955,9rx7st
9xbbvq,9rx7st
9xbex1,9rx7st
9xc6x4,9x3mfn
9xdubt,9x6z6m
9xfbsr,9x6z6m
9xfj45,c8h5zm
9xg3tg,9x6z6m
9xgjq9,c8h5zm
9xgyzb,c8h5zm
9xh1kj,9x5w98
9xh92u,9x5w98
9xhcdv,9wve62
9xhfy8,9wve62
9xhrk6,9x5w98
9xhs1q,9x5w98
9xhzr9,9xkgmv
9xj1jj,9wve62
9xj6jq,9wve62
9xj739,9wve62
9xjc9c,9wve62
9xjfcf,9wve62
9xjh1e,9xkgmv
9xjy8w,9xkgmv
9xkv40,9xkgmv
9xmdfm,9xkgmv
9xmret,9xkgmv
9xmz3q,9xkgmv
9xne77,9wve62
9xnjj9,9xkgmv
9xnxwn,9xkgmv
9xp5t3,9wve62
9xpnzn,9xkgmv
9xr0wb,9xkgmv
9xsh6r,9x6z6m
9xsuw9,9xkgmv
9xtsyz,9xkgmv
9xu4w9,c8h5zm
9xugqu,c8h5zm
9xv9km,c8h5zm
9xvtst,c8h5zm
9xwmus,9xkgmv
9xy2t8,9xkgmv
9xyhmc,c8h5zm
c0pfxf,9rb6wg
c0rbz7,c237sz
c0run2,c237sz
c0xcsy,c2967d
c2033v,9rb6wg
c207nu,c21g7y
c20gn7,c21g7y
c20jc4,c237sz
c20mr5,c21g7y
c20pr7,c237sz
c20uku,c21g7y
c20yb3,c237sz
c210gm,c21g7u
c216zt,c21g7u
c21bfv,c21g7u
c21mbf,c21g7y
c22bzp,c237sz
c22ehb,c237sz
c22mmh,c237sz
c22pvn,c2967d
c22z10,c2967d
c235sm,c237sz
c23q5t,c237sz
c244mb,c245ue
c246qn,c245ue
c24fqm,c245ue
c24hgw,c245ue
c25e65,c26crp
c25nbr,c26crp
c25xpu,c26crp
c260k3,c245ue
c26hjf,c237sz
c26zs7,c2e2u0
c272wp,c26crp
c27ern,c26crp
c27h96,c26crp
c27y9q,c2e2u0
c287yw,c2967d
c28cbw,c2967d
c2933q,c2967d
c297u5,c2967d
c29mge,c2967d
c2d0r0,c2967d
c2du5j,c2e2u0
c2eey8,c2e2u0
c2h1dz,9rg8bx
c2hemk,c26crp
c2hpkg,c26crp
c2hwsr,c2kx95
c2hzx4,c2kx95
c2jpn9,c2kx95
c2juu6,c2r8x7
c2k2jk,c2kx95
c2k6v6,c2kx95
c2kfre,c2kx95
c2kwbm,c2kx95
c2mc80,c2kx95
c2mh9g,c2kx95
c2mp0x,c2kx95
c2mt6g,c2kx95
c2ny5k,c2r8x7
c2p8z0,c2r8x7
c2prfy,c2r8x7
c2pvh7,c2r8x7
c2pw1r,c2r8x7
c2qhjx,c2r8x7
c2qpej,c2kx95
c2qz5c,c2r8x7
c2r583,c2r8x7
c2rdqp,c2r8x7
c2s5q0,c2kx95
c2sshm,c2kx95
c2t4f7,c2kx95
c2tjkq,c2kx95
c2tuhw,c2kx95
c2wfue,c2r8x7
c2xthf,c82vu4
c803v7,c2r8x7
c80fyq,c2r8x7
c80q6h,c2r8x7
c80xwf,c2r8x7
c816ku,c2r8x7
c81ud5,c82vu4
c82h4u,c2r8x7
c82v4j,c82vu4
c8315b,c82vu4
c83bs0,c82vu4
c83e9f,c82vu4
c843qb,c8h5zm
c845wz,c8h5zm
c84rge,c82vu4
c85d36,c8h5zm
c85j24,c8h5zm
c85wyx,c8h5zm
c86bs6,c8h5zm
c86kdm,c82vu4
c87h1j,c8h5zm
c87uvh,c8h5zm
c880hc,c82vu4
c884q7,c82vu4
c88s9r,c82vu4
c892qv,c82vu4
c89h32,c82vu4
c89swm,c82vu4
c8de82,c82vu4
c8e62p,c82vu4
c8hfq4,c8h5zm
c8hnst,c8h5zm
c8hznj,c8h5zm
c8jdvw,c8h5zm
c8kfr1,c8h5zm
c8kycq,c8h5zm
c8s5h9,c8h5zm
