county,node,county_st,state
9w61k3,9w1zzg,Apache AZ,AZ
9t9vnh,9w01f3,Cochise AZ,AZ
9w2ebd,9w3h8n,Coconino AZ,AZ
9w10nr,9w1wf0,Gila AZ,AZ
9tcg7e,9w1wf0,Graham AZ,AZ
9tfm44,9w1wf0,Greenlee AZ,AZ
9myzug,9mzqxj,La Paz AZ,AZ
9tbj8n,9mzqxj,Maricopa AZ,AZ
9qr55w,9qqk6u,Mohave AZ,AZ
9w393d,9w1wf0,Navajo AZ,AZ
9t8wb2,9mzqxj,Pima AZ,AZ
9tbg3b,9w01f3,Pinal AZ,AZ
9t95me,9mzqxj,Santa Cruz AZ,AZ
9qpvn0,9w01f3,Yavapai AZ,AZ
9myfry,9mzqxj,Yuma AZ,AZ
9q9q1v,9q9m24,Alameda CA,CA
9qfg9y,9r4bc7,Alpine CA,CA
9qf4wq,9qcf5u,Amador CA,CA
9r198u,9r13pb,Butte CA,CA
9qf30x,9qcbq0,Calaveras CA,CA
9qcnfk,9qcjcp,Colusa CA,CA
9q9r8z,9qc0p1,Contra Costa CA,CA
9prvd4,9pr8ne,Del Norte CA,CA
9qfk9h,9qcggm,El Dorado CA,CA
9qdcjh,9qdbm8,Fresno CA,CA
9r0cq9,9r106e,Glenn CA,CA
9ppzef,9pr8ne,Humboldt CA,CA
9mvgzn,9mvgw4,Imperial CA,CA
9qkxbr,9qdbm8,Inyo CA,CA
9q7944,9q713t,Kern CA,CA
9q6v1w,9q6tde,Kings CA,CA
9qbwqu,9qcjcp,Lake CA,CA
9r4pwv,9r321k,Lassen CA,CA
9q5fsc,9q5fm0,Los Angeles CA,CA
9qdgej,9qd9xh,Madera CA,CA
9qb8qz,9qbbed,Marin CA,CA
9qdtxr,9qd9xh,Mariposa CA,CA
9r00qf,9r106e,Mendocino CA,CA
9qd5sg,9q9fy1,Merced CA,CA
9r6hsg,9r3wzq,Modoc CA,CA
9qerwy,9qd9xh,Mono CA,CA
9q3wpm,9q92vz,Monterey CA,CA
9qc506,9qbcde,Napa CA,CA
9qfpec,9qcxqg,Nevada CA,CA
9mupxf,9mupsy,Orange CA,CA
9qfnhz,9qcxqg,Placer CA,CA
9r45d8,9r13pb,Plumas CA,CA
9mvxbk,9qj152,Riverside CA,CA
9qcdwz,9qcem3,Sacramento CA,CA
9q9bk8,9q9fy1,San Benito CA,CA
9qjqk1,9qj152,San Bernardino CA,CA
9mugye,9muccv,San Diego CA,CA
9q8w8k,9q8yqr,San Francisco CA,CA
9q9zb3,9qcbq0,San Joaquin CA,CA
9q6371,9q613c,San Luis Obispo CA,CA
9q8uz7,9q9hgh,San Mateo CA,CA
9q4skr,9q603v,Santa Barbara CA,CA
9q97wz,9q97v8,Santa Clara CA,CA
9q94x9,9q97v8,Santa Cruz CA,CA
9r1pyu,9r321k,Shasta CA,CA
9r431k,9r4bc7,Sierra CA,CA
9r2ued,9r88yx,Siskiyou CA,CA
9qc39n,9qc63x,Solano CA,CA
9qbe4t,9qben2,Sonoma CA,CA
9q9vww,9q9wtp,Stanislaus CA,CA
9qcqnd,9qct8r,Sutter CA,CA
9r1h68,9r1jcf,Tehama CA,CA
9r0rnr,9r1jcf,Trinity CA,CA
9q7w15,9qdbm8,Tulare CA,CA
9qf8q1,9qcbq0,Tuolumne CA,CA
9q573n,9q5sgb,Ventura CA,CA
9qck41,9qc63x,Yolo CA,CA
9qcxqs,9qcxqg,Yuba CA,CA
9xjfcf,9wve62,Adams CO,CO
9wsv8x,9wve62,Alamosa CO,CO
9xjc9c,9wve62,Arapahoe CO,CO
9wegeu,9we1bp,Archuleta CO,CO
9wxh68,9wve62,Baca CO,CO
9wwxy3,9wve62,Bent CO,CO
9xjh1e,9xkgmv,Boulder CO,CO
9xj739,9wve62,Broomfield CO,CO
9wukks,9wve62,Chaffee CO,CO
9wzhcj,9wve62,Cheyenne CO,CO
9xhcdv,9wve62,Clear Creek CO,CO
9ws7xy,9we1bp,Conejos CO,CO
9wth0f,9wve62,Costilla CO,CO
9wy1yt,9wve62,Crowley CO,CO
9wv0f0,9wve62,Custer CO,CO
9wgm16,9wdr2q,Delta CO,CO
9xj6jq,9wve62,Denver CO,CO
9wdyd3,9wdr2q,Dolores CO,CO
9wvrsq,9wve62,Douglas CO,CO
9xh1kj,9x5w98,Eagle CO,CO
9wvsvk,9wve62,El Paso CO,CO
9wvzwv,9wve62,Elbert CO,CO
9wv4bb,9wve62,Fremont CO,CO
9x5322,9x5w98,Garfield CO,CO
9xhfy8,9wve62,Gilpin CO,CO
9xhs1q,9x5w98,Grand CO,CO
9wgggz,9wve62,Gunnison CO,CO
9wexjm,9we1bp,Hinsdale CO,CO
9wtq7s,9wve62,Huerfano CO,CO
9xhrk6,9x5w98,Jackson CO,CO
9xj1jj,9wve62,Jefferson CO,CO
9wyfms,9wve62,Kiowa CO,CO
9wzp95,9wve62,Kit Carson CO,CO
9wek45,9we1bp,La Plata CO,CO
9wur5c,9wve62,Lake CO,CO
9xhzr9,9xkgmv,Larimer CO,CO
9wwh23,9wve62,Las Animas CO,CO
9wymud,9wve62,Lincoln CO,CO
9xnxwn,9xkgmv,Logan CO,CO
9wfvgz,9x47er,Mesa CO,CO
9wevt5,9we1bp,Mineral CO,CO
9x5p12,9x5w98,Moffat CO,CO
9wdu2v,9we1bp,Montezuma CO,CO
9wg42r,9wdr2q,Montrose CO,CO
9xnjj9,9xkgmv,Morgan CO,CO
9wwpxb,9wve62,Otero CO,CO
9wg351,9wdr2q,Ouray CO,CO
9wuyd3,9wve62,Park CO,CO
9xpnzn,9xkgmv,Phillips CO,CO
9wgzp5,9x5w98,Pitkin CO,CO
9wxpyn,9wve62,Prowers CO,CO
9wv9nk,9wve62,Pueblo CO,CO
9x553u,9x47er,Rio Blanco CO,CO
9wsm38,9we1bp,Rio Grande CO,CO
9x5ym3,9x5w98,Routt CO,CO
9wu2qe,9wve62,Saguache CO,CO
9weqvv,9we1bp,San Juan CO,CO
9wfbhx,9wdr2q,San Miguel CO,CO
9xr0wb,9xkgmv,Sedgwick CO,CO
9xh92u,9x5w98,Summit CO,CO
9wvjnk,9wve62,Teller CO,CO
9xne77,9wve62,Washington CO,CO
9xjy8w,9xkgmv,Weld CO,CO
9xp5t3,9wve62,Yuma CO,CO
9rtr4y,9rx7st,Ada ID,ID
9rvpmc,c26crp,Adams ID,ID
9x84yh,9rx7st,Bannock ID,ID
9x8bd9,9x3mfn,Bear Lake ID,ID
c2mh9g,c2kx95,Benewah ID,ID
9x8jf7,9rx7st,Bingham ID,ID
9rwyyg,9rx7st,Blaine ID,ID
9rvdnz,9rx7st,Boise ID,ID
c2t4f7,c2kx95,Bonner ID,ID
9x8wgg,9rx7st,Bonneville ID,ID
c2tjkq,c2kx95,Boundary ID,ID
9rz888,9rx7st,Butte ID,ID
9rwrkr,9rx7st,Camas ID,ID
9rv00j,9rkf69,Canyon ID,ID
9x8ems,9x3mfn,Caribou ID,ID
9rx0w3,9rx7st,Cassia ID,ID
9xb5gq,9rx7st,Clark ID,ID
c2mc80,c2kx95,Clearwater ID,ID
9rygb5,9rx7st,Custer ID,ID
9rtyu7,9rx7st,Elmore ID,ID
9x2rzm,9x27ep,Franklin ID,ID
9xbex1,9rx7st,Fremont ID,ID
9rv4xm,9rx7st,Gem ID,ID
9rwk7p,9rx7st,Gooding ID,ID
c2juu6,c2r8x7,Idaho ID,ID
9xb1hh,9rx7st,Jefferson ID,ID
9rwdzg,9rx7st,Jerome ID,ID
c2mp0x,c2kx95,Kootenai ID,ID
c2kfre,c2kx95,Latah ID,ID
9rzp86,c2r8x7,Lemhi ID,ID
c2jpn9,c2kx95,Lewis ID,ID
9rwud3,9rx7st,Lincoln ID,ID
9xb955,9rx7st,Madison ID,ID
9rx5y1,9rx7st,Minidoka ID,ID
c2hzx4,c2kx95,Nez Perce ID,ID
9rrzzx,9x27ep,Oneida ID,ID
9rt6hn,9rkf69,Owyhee ID,ID
9rufr6,9rx7st,Payette ID,ID
9rxfbh,9rx7st,Power ID,ID
c2mt6g,c2kx95,Shoshone ID,ID
9xbbvq,9rx7st,Teton ID,ID
9rw2yw,9rx7st,Twin Falls ID,ID
9rvz1j,c2r8x7,Valley ID,ID
9ruuy5,c26crp,Washington ID,ID
c2p8z0,c2r8x7,Beaverhead MT,MT
c85d36,c8h5zm,Big Horn MT,MT
c8de82,c82vu4,Blaine MT,MT
c80xwf,c2r8x7,Broadwater MT,MT
c843qb,c8h5zm,Carbon MT,MT
c8jdvw,c8h5zm,Carter MT,MT
c82v4j,c82vu4,Cascade MT,MT
c892qv,c82vu4,Chouteau MT,MT
c8hznj,c8h5zm,Custer MT,MT
c2pw1r,c2r8x7,Deer Lodge MT,MT
c86kdm,c82vu4,Fergus MT,MT
c2wfue,c2r8x7,Flathead MT,MT
c80fyq,c2r8x7,Gallatin MT,MT
c87uvh,c8h5zm,Garfield MT,MT
c2xthf,c82vu4,Glacier MT,MT
c84rge,c82vu4,Golden Valley MT,MT
c2prfy,c2r8x7,Granite MT,MT
c89swm,c82vu4,Hill MT,MT
c80q6h,c2r8x7,Jefferson MT,MT
c83e9f,c82vu4,Judith Basin MT,MT
c2qz5c,c2r8x7,Lake MT,MT
c82h4u,c2r8x7,Lewis and Clark MT,MT
c89h32,c82vu4,Liberty MT,MT
c2tuhw,c2kx95,Lincoln MT,MT
c803v7,c2r8x7,Madison MT,MT
c8kycq,c8h5zm,McCone MT,MT
c8315b,c82vu4,Meagher MT,MT
c2qhjx,c2r8x7,Mineral MT,MT
c2r583,c2r8x7,Missoula MT,MT
c86bs6,c8h5zm,Musselshell MT,MT
c816ku,c2r8x7,Park MT,MT
c87h1j,c8h5zm,Petroleum MT,MT
c8e62p,c82vu4,Phillips MT,MT
c884q7,c82vu4,Pondera MT,MT
c8hfq4,c8h5zm,Powder River MT,MT
c2rdqp,c2r8x7,Powell MT,MT
c8kfr1,c8h5zm,Prairie MT,MT
c2ny5k,c2r8x7,Ravalli MT,MT
c8hnst,c8h5zm,Rosebud MT,MT
c2qpej,c2kx95,Sanders MT,MT
c2pvh7,c2r8x7,Silver Bow MT,MT
c845wz,c8h5zm,Stillwater MT,MT
c81ud5,c82vu4,Sweet Grass MT,MT
c880hc,c82vu4,Teton MT,MT
c88s9r,c82vu4,Toole MT,MT
c85wyx,c8h5zm,Treasure MT,MT
c8s5h9,c8h5zm,Valley MT,MT
c83bs0,c82vu4,Wheatland MT,MT
c85j24,c8h5zm,Yellowstone MT,MT
9whpkt,9we1bp,Bernalillo NM,NM
9w4bv7,9w1zzg,Catron NM,NM
9tvty9,9w1zzg,Chaves NM,NM
9w5nww,9w1zzg,Cibola NM,NM
9wt86c,9wve62,Colfax NM,NM
9wjg3n,9we1bp,De Baca NM,NM
9tu00c,9w1zzg,Doña Ana NM,NM
9tvbdk,9w1zzg,Eddy NM,NM
9tffjw,9w1zzg,Grant NM,NM
9wjqre,9we1bp,Guadalupe NM,NM
9wq5uz,9wve62,Harding NM,NM
9tdtmq,9w1wf0,Hidalgo NM,NM
9tvpbq,9w1zzg,Lincoln NM,NM
9wkkhc,9we1bp,Los Alamos NM,NM
9terh5,9w1zzg,Luna NM,NM
9w742t,9w1zzg,McKinley NM,NM
9wmksq,9wve62,Mora NM,NM
9tuc99,9w1zzg,Otero NM,NM
9wkpsn,9we1bp,Rio Arriba NM,NM
9w6zxn,9we1bp,San Juan NM,NM
9wm3z4,9wve62,San Miguel NM,NM
9w7gpb,9we1bp,Sandoval NM,NM
9wkdh9,9we1bp,Santa Fe NM,NM
9tgu2v,9w1zzg,Sierra NM,NM
9w5cqe,9w1zzg,Socorro NM,NM
9wsbh4,9wve62,Taos NM,NM
9whsw6,9we1bp,Torrance NM,NM
9wqrt6,9wve62,Union NM,NM
9whj98,9w1zzg,Valencia NM,NM
9qfyep,9r4bc7,Carson City NV,NV
9r5buv,9r50xy,Churchill NV,NV
9qqnnb,9qqk6u,Clark NV,NV
9qfvq4,9r4bc7,Douglas NV,NV
9rmfp1,9rkf69,Elko NV,NV
9qsqgj,9qdbm8,Esmeralda NV,NV
9rj76j,9rn2tf,Eureka NV,NV
9r7gxf,9rkf69,Humboldt NV,NV
9rhfbx,9rkf69,Lander NV,NV
9qwq45,9qw0kp,Lincoln NV,NV
9qgjzx,9r50xy,Lyon NV,NV
9qgg17,9r50xy,Mineral NV,NV
9qtpvz,9qw0kp,Nye NV,NV
9r5y19,9r50xy,Pershing NV,NV
9r5025,9r4bc7,Storey NV,NV
9r4zsy,9r4bc7,Washoe NV,NV
9rn21r,9rn2tf,White Pine NV,NV
9ruq3f,c245ue,Baker OR,OR
9rbjp7,9rb6wg,Benton OR,OR
c210gm,c21g7y,Clackamas OR,OR
c20jc4,c237sz,Clatsop OR,OR
c20mr5,c21g7y,Columbia OR,OR
9pxv8j,9rb6wg,Coos OR,OR
9rf7hz,9rcvn1,Crook OR,OR
9px9td,9r88yx,Curry OR,OR
9rccc6,9rcvn1,Deschutes OR,OR
9r8qm8,9rb6wg,Douglas OR,OR
c246qn,c245ue,Gilliam OR,OR
9rgm5u,9rcvn1,Grant OR,OR
9rekur,9r9uxw,Harney OR,OR
c216zt,c21g7y,Hood River OR,OR
9r8c22,9r88yx,Jackson OR,OR
9rcvfx,9rcvn1,Jefferson OR,OR
9r81hh,9r88yx,Josephine OR,OR
9r96zf,9r9uxw,Klamath OR,OR
9rd7km,9r9uxw,Lake OR,OR
9rb9gk,9rb6wg,Lane OR,OR
9pzvuq,9rb6wg,Lincoln OR,OR
9rbv5d,9rb6wg,Linn OR,OR
9rsmey,9rkf69,Malheur OR,OR
9rbz6t,9rb6wg,Marion OR,OR
c24fqm,c245ue,Morrow OR,OR
c20gn7,c21g7y,Multnomah OR,OR
9rbprv,9rb6wg,Polk OR,OR
c244mb,c245ue,Sherman OR,OR
c0pfxf,9rb6wg,Tillamook OR,OR
c25e65,c26crp,Umatilla OR,OR
c2h1dz,c26crp,Union OR,OR
c2hemk,c26crp,Wallowa OR,OR
c21bfv,c21g7y,Wasco OR,OR
c207nu,c21g7y,Washington OR,OR
9rfws8,9rcvn1,Wheeler OR,OR
c2033v,9rb6wg,Yamhill OR,OR
9xy2t8,9xkgmv,Custer SD,SD
9xwmus,9xkgmv,Fall River SD,SD
9xyhmc,c8h5zm,Lawrence SD,SD
9tskwq,9w1zzg,El Paso TX,TX
9qz6pn,9wbmjr,Beaver UT,UT
9rrdcd,9x27ep,Box Elder UT,UT
9x2t3j,9x27ep,Cache UT,UT
9x13eq,9x0gc5,Carbon UT,UT
9x60s5,9x47er,Daggett UT,UT
9x21qy,9x0ryy,Davis UT,UT
9x1mpn,9x0gc5,Duchesne UT,UT
9wcmbm,9wbmjr,Emery UT,UT
9w8xpz,9w94m0,Garfield UT,UT
9wfjdx,9x47er,Grand UT,UT
9qxrtt,9wbmjr,Iron UT,UT
9rpccm,9x06gc,Juab UT,UT
9w8kp9,9w94m0,Kane UT,UT
9qzt9e,9wbmjr,Millard UT,UT
9x29ub,9x0ryy,Morgan UT,UT
9wb606,9wbmjr,Piute UT,UT
9x2uud,9x3mfn,Rich UT,UT
9x0rm5,9x0ryy,Salt Lake UT,UT
9w9vvt,9wdr2q,San Juan UT,UT
9x08j1,9wbmjr,Sanpete UT,UT
9wbkrt,9wbmjr,Sevier UT,UT
9x30db,9x0ryy,Summit UT,UT
9rpw1y,9x0mgn,Tooele UT,UT
9x4h7b,9x47er,Uintah UT,UT
9x0s4z,9x0gc5,Utah UT,UT
9x0vqq,9x0gc5,Wasatch UT,UT
9qx7cx,9qw0kp,Washington UT,UT
9wc1dk,9wbmjr,Wayne UT,UT
9x26y1,9x27ep,Weber UT,UT
c27ern,c26crp,Adams WA,WA
c2hwsr,c2kx95,Asotin WA,WA
c25nbr,c26crp,Benton WA,WA
c2d0r0,c2967d,Chelan WA,WA
c0xcsy,c2967d,Clallam WA,WA
c20uku,c21g7y,Clark WA,WA
c2hpkg,c26crp,Columbia WA,WA
c20yb3,c237sz,Cowlitz WA,WA
c26zs7,c2e2u0,Douglas WA,WA
c2eey8,c2e2u0,Ferry WA,WA
c272wp,c26crp,Franklin WA,WA
c2k2jk,c2kx95,Garfield WA,WA
c27h96,c26crp,Grant WA,WA
c0run2,c237sz,Grays Harbor WA,WA
c28cbw,c2967d,Island WA,WA
c22pvn,c2967d,Jefferson WA,WA
c23q5t,c237sz,King WA,WA
c22z10,c2967d,Kitsap WA,WA
c26hjf,c237sz,Kittitas WA,WA
c24hgw,c245ue,Klickitat WA,WA
c22bzp,c237sz,Lewis WA,WA
c27y9q,c2e2u0,Lincoln WA,WA
c22mmh,c237sz,Mason WA,WA
c2du5j,c2e2u0,Okanogan WA,WA
c0rbz7,c237sz,Pacific WA,WA
c2sshm,c2kx95,Pend Oreille WA,WA
c235sm,c237sz,Pierce WA,WA
c287yw,c2967d,San Juan WA,WA
c297u5,c2967d,Skagit WA,WA
c21mbf,c21g7y,Skamania WA,WA
c2933q,c2967d,Snohomish WA,WA
c2kwbm,c2kx95,Spokane WA,WA
c2s5q0,c2kx95,Stevens WA,WA
c22ehb,c237sz,Thurston WA,WA
c20pr7,c237sz,Wahkiakum WA,WA
c25xpu,c26crp,Walla Walla WA,WA
c29mge,c2967d,Whatcom WA,WA
c2k6v6,c2kx95,Whitman WA,WA
c260k3,c245ue,Yakima WA,WA
9xkv40,9xkgmv,Albany WY,WY
9xgjq9,c8h5zm,Big Horn WY,WY
9xugqu,c8h5zm,Campbell WY,WY
9x7vnx,9xkgmv,Carbon WY,WY
9xsuw9,9xkgmv,Converse WY,WY
9xvtst,c8h5zm,Crook WY,WY
9xdubt,9x6z6m,Fremont WY,WY
9xmz3q,9xkgmv,Goshen WY,WY
9xfbsr,9x6z6m,Hot Springs WY,WY
9xu4w9,c8h5zm,Johnson WY,WY
9xmdfm,9xkgmv,Laramie WY,WY
9x921r,9x3mfn,Lincoln WY,WY
9xsh6r,9x6z6m,Natrona WY,WY
9xtsyz,9xkgmv,Niobrara WY,WY
9xfj45,c8h5zm,Park WY,WY
9xmret,9xkgmv,Platte WY,WY
9xgyzb,c8h5zm,Sheridan WY,WY
9x9g6c,9x3mfn,Sublette WY,WY
9x6t42,9x6z6m,Sweetwater WY,WY
9xc6x4,9x3mfn,Teton WY,WY
9x36u5,9x3mfn,Uinta WY,WY
9xg3tg,9x6z6m,Washakie WY,WY
9xv9km,c8h5zm,Weston WY,WY
