gamma,mu,lam,eps,status,time,E_rmse,P_caiso,P_wecc,S_dev,E_AZ,E_CA,E_CO,E_ID,E_MT,E_NM,E_NV,E_OR,E_SD,E_TX,E_UT,E_WA,E_WY
0.001,0.001,0.001,1e-06,optimal,27.737,0.0,-9.426,-33.959,0.136,-0.716,3.358,-0.709,-0.294,0.02,-0.206,-0.899,-0.299,0.01,-0.067,-0.209,0.027,-0.328
0.001,0.001,0.01,1e-06,optimal,4.558,0.0,-9.491,-34.427,0.495,-0.715,3.363,-0.703,-0.29,0.024,-0.203,-0.897,-0.295,0.01,-0.067,-0.206,0.03,-0.326
0.001,0.001,0.1,1e-06,optimal,1.418,0.003,-10.072,-36.684,3.027,-0.7,3.417,-0.643,-0.248,0.069,-0.176,-0.881,-0.262,0.011,-0.066,-0.179,0.067,-0.305
0.001,0.001,1.0,1e-06,optimal,1.369,0.015,-12.53,-40.162,14.579,-0.56,3.962,-0.042,0.164,0.523,0.096,-0.722,0.076,0.028,-0.057,0.093,0.433,-0.09
0.001,0.001,10.0,1e-06,optimal,2.618,0.08,-13.182,-4.932,79.961,0.85,9.412,5.966,4.285,5.057,2.814,0.875,3.456,0.197,0.037,2.815,4.096,2.058
0.001,0.001,100.0,1e-06,optimal,6.518,0.126,-12.719,0.0,126.127,1.298,11.144,7.875,5.595,6.498,3.678,1.383,4.53,0.251,0.067,3.68,5.261,2.74
0.001,0.01,0.001,1e-06,optimal,28.146,0.0,-9.427,-33.916,0.339,-0.716,3.356,-0.703,-0.286,0.017,-0.201,-0.896,-0.297,0.002,-0.067,-0.207,0.027,-0.311
0.001,0.01,0.01,1e-06,optimal,4.454,0.001,-9.492,-34.385,0.516,-0.714,3.362,-0.697,-0.282,0.021,-0.199,-0.894,-0.293,0.002,-0.066,-0.204,0.03,-0.309
0.001,0.01,0.1,1e-06,optimal,1.389,0.003,-10.073,-36.657,3.036,-0.7,3.416,-0.638,-0.242,0.061,-0.172,-0.878,-0.26,0.002,-0.066,-0.177,0.067,-0.288
0.001,0.01,1.0,1e-06,optimal,1.361,0.015,-12.531,-40.28,14.559,-0.559,3.961,-0.042,0.159,0.46,0.094,-0.719,0.076,0.006,-0.056,0.092,0.432,-0.085
0.001,0.01,10.0,1e-06,optimal,2.683,0.078,-13.186,-6.505,78.326,0.849,9.408,5.917,4.17,4.448,2.752,0.872,3.432,0.043,0.037,2.787,4.083,1.949
0.001,0.01,100.0,1e-06,optimal,5.482,0.126,-12.466,0.0,126.348,1.355,11.363,8.056,5.609,5.88,3.706,1.443,4.636,0.056,0.071,3.754,5.393,2.679
0.001,0.1,0.001,1e-06,optimal,27.431,0.001,-9.437,-33.503,1.23,-0.711,3.343,-0.65,-0.225,0.008,-0.165,-0.867,-0.277,0.0,-0.063,-0.188,0.026,-0.203
0.001,0.1,0.01,1e-06,optimal,3.928,0.001,-9.503,-33.98,1.286,-0.71,3.348,-0.645,-0.222,0.01,-0.163,-0.865,-0.274,0.0,-0.063,-0.186,0.029,-0.202
0.001,0.1,0.1,1e-06,optimal,1.451,0.003,-10.083,-36.323,3.163,-0.696,3.403,-0.59,-0.191,0.028,-0.141,-0.85,-0.243,0.0,-0.062,-0.161,0.065,-0.189
0.001,0.1,1.0,1e-06,optimal,1.543,0.014,-12.545,-40.666,14.488,-0.556,3.945,-0.039,0.126,0.209,0.077,-0.696,0.071,0.001,-0.053,0.084,0.418,-0.056
0.001,0.1,10.0,1e-06,optimal,1.821,0.071,-13.233,-14.089,71.057,0.844,9.37,5.473,3.286,2.019,2.258,0.843,3.205,0.005,0.035,2.534,3.955,1.275
0.001,0.1,100.0,1e-06,optimal,8.941,0.128,-11.019,0.0,127.72,1.682,12.617,8.771,5.178,3.103,3.564,1.765,5.08,0.007,0.088,4.001,6.071,2.072
0.001,1.0,0.001,1e-06,optimal,30.342,0.004,-9.545,-32.119,4.161,-0.67,3.216,-0.371,-0.072,0.001,-0.059,-0.653,-0.167,0.0,-0.042,-0.099,0.02,-0.046
0.001,1.0,0.01,1e-06,optimal,4.545,0.004,-9.611,-32.613,4.187,-0.669,3.22,-0.368,-0.071,0.001,-0.058,-0.652,-0.165,0.0,-0.042,-0.097,0.022,-0.045
0.001,1.0,0.1,1e-06,optimal,1.839,0.005,-10.195,-35.122,4.698,-0.656,3.272,-0.337,-0.061,0.004,-0.051,-0.64,-0.146,0.0,-0.041,-0.085,0.049,-0.042
0.001,1.0,1.0,1e-06,optimal,1.309,0.014,-12.686,-41.136,14.369,-0.524,3.794,-0.022,0.04,0.032,0.028,-0.524,0.043,0.0,-0.036,0.044,0.318,-0.012
0.001,1.0,10.0,1e-06,optimal,1.819,0.058,-13.664,-31.27,57.882,0.795,9.012,3.125,1.054,0.313,0.808,0.636,1.929,0.0,0.024,1.33,3.01,0.286
0.001,1.0,100.0,1e-06,optimal,4.777,0.134,-5.299,0.0,134.465,2.979,17.647,8.333,2.731,0.776,2.101,2.555,5.05,0.001,0.121,3.458,7.466,0.781
0.001,10.0,0.001,1e-06,optimal,42.12,0.01,-10.494,-31.44,9.947,-0.425,2.366,-0.07,-0.009,0.0,-0.008,-0.188,-0.033,0.0,-0.01,-0.017,0.006,-0.005
0.001,10.0,0.01,1e-06,user_limit,126.607,0.01,-10.55,-31.963,9.973,-0.425,2.346,-0.07,-0.009,0.0,-0.008,-0.188,-0.033,0.0,-0.01,-0.017,0.007,-0.005
0.001,10.0,0.1,1e-06,optimal_inaccurate,122.348,0.01,-11.139,-34.582,9.954,-0.416,2.4,-0.064,-0.008,0.0,-0.007,-0.185,-0.029,0.0,-0.01,-0.015,0.015,-0.005
0.001,10.0,1.0,1e-06,optimal,9.053,0.014,-13.799,-42.216,14.015,-0.333,2.753,-0.004,0.005,0.003,0.004,-0.151,0.009,0.0,-0.008,0.008,0.094,-0.001
0.001,10.0,10.0,1e-06,optimal,1.367,0.05,-16.51,-48.343,50.451,0.505,6.518,0.591,0.135,0.033,0.109,0.183,0.387,0.0,0.005,0.231,0.889,0.033
0.001,10.0,100.0,1e-06,optimal,6.879,0.159,0.0,0.0,158.889,6.639,25.539,4.948,1.088,0.25,0.88,2.531,3.161,0.0,0.105,1.868,6.709,0.283
0.001,100.0,0.001,1e-06,optimal,59.077,0.018,-12.62,-32.956,17.622,-0.091,0.73,-0.008,-0.001,0.0,-0.001,-0.023,-0.004,0.0,-0.001,-0.002,0.001,-0.001
0.001,100.0,0.01,1e-06,user_limit,127.185,0.017,-12.573,-33.506,17.324,-0.091,0.662,-0.008,-0.001,0.0,-0.001,-0.023,-0.004,0.0,-0.001,-0.002,0.001,-0.001
0.001,100.0,0.1,1e-06,user_limit,124.194,0.018,-13.207,-36.07,17.589,-0.089,0.736,-0.007,-0.001,0.0,-0.001,-0.023,-0.003,0.0,-0.001,-0.002,0.002,-0.0
0.001,100.0,1.0,1e-06,optimal,13.137,0.018,-16.127,-44.4,17.583,-0.071,0.83,-0.0,0.001,0.0,0.0,-0.019,0.001,0.0,-0.001,0.001,0.012,-0.0
0.001,100.0,10.0,1e-06,optimal,4.325,0.049,-21.931,-58.353,48.833,0.109,1.765,0.065,0.014,0.003,0.011,0.023,0.043,0.0,0.001,0.025,0.11,0.003
0.001,100.0,100.0,1e-06,optimal,2.259,0.123,-12.199,-49.743,122.948,1.909,11.746,0.718,0.148,0.033,0.12,0.435,0.464,0.0,0.016,0.266,1.098,0.038
0.01,0.001,0.001,1e-06,optimal,24.618,0.0,-9.419,-33.899,0.021,-0.716,3.357,-0.71,-0.295,0.019,-0.207,-0.899,-0.299,0.015,-0.067,-0.209,0.026,-0.33
0.01,0.001,0.01,1e-06,optimal,22.349,0.0,-9.426,-33.958,0.063,-0.716,3.358,-0.709,-0.295,0.02,-0.206,-0.899,-0.299,0.015,-0.067,-0.209,0.027,-0.33
0.01,0.001,0.1,1e-06,optimal,9.594,0.0,-9.491,-34.425,0.495,-0.715,3.363,-0.703,-0.29,0.024,-0.204,-0.898,-0.296,0.015,-0.067,-0.206,0.03,-0.328
0.01,0.001,1.0,1e-06,optimal,2.319,0.003,-10.072,-36.679,3.028,-0.701,3.418,-0.643,-0.249,0.07,-0.176,-0.882,-0.262,0.018,-0.066,-0.179,0.067,-0.306
0.01,0.001,10.0,1e-06,optimal,1.348,0.015,-12.53,-40.13,14.584,-0.56,3.963,-0.042,0.164,0.53,0.096,-0.722,0.076,0.044,-0.057,0.093,0.434,-0.09
0.01,0.001,100.0,1e-06,optimal,1.979,0.08,-13.181,-4.632,80.272,0.85,9.412,5.97,4.297,5.127,2.82,0.875,3.459,0.308,0.037,2.818,4.098,2.069
0.01,0.01,0.001,1e-06,optimal,25.778,0.0,-9.419,-33.9,0.135,-0.716,3.357,-0.709,-0.294,0.019,-0.206,-0.899,-0.299,0.01,-0.067,-0.209,0.026,-0.328
0.01,0.01,0.01,1e-06,optimal,16.868,0.0,-9.426,-33.959,0.136,-0.716,3.358,-0.709,-0.294,0.02,-0.206,-0.899,-0.299,0.01,-0.067,-0.209,0.027,-0.328
0.01,0.01,0.1,1e-06,optimal,8.764,0.0,-9.491,-34.427,0.495,-0.715,3.363,-0.703,-0.29,0.024,-0.203,-0.897,-0.295,0.01,-0.067,-0.206,0.03,-0.326
0.01,0.01,1.0,1e-06,optimal,2.214,0.003,-10.072,-36.684,3.027,-0.7,3.417,-0.643,-0.248,0.069,-0.176,-0.881,-0.262,0.011,-0.066,-0.179,0.067,-0.305
0.01,0.01,10.0,1e-06,optimal,1.328,0.015,-12.53,-40.162,14.579,-0.56,3.962,-0.042,0.164,0.523,0.096,-0.722,0.076,0.028,-0.057,0.093,0.433,-0.09
0.01,0.01,100.0,1e-06,optimal,1.961,0.08,-13.182,-4.932,79.961,0.85,9.412,5.966,4.285,5.057,2.814,0.875,3.456,0.197,0.037,2.815,4.096,2.058
0.01,0.1,0.001,1e-06,optimal,23.724,0.0,-9.42,-33.857,0.337,-0.716,3.356,-0.704,-0.286,0.017,-0.202,-0.896,-0.297,0.002,-0.067,-0.207,0.026,-0.311
0.01,0.1,0.01,1e-06,optimal,9.809,0.0,-9.427,-33.915,0.339,-0.716,3.356,-0.703,-0.286,0.017,-0.201,-0.896,-0.297,0.002,-0.067,-0.207,0.027,-0.311
0.01,0.1,0.1,1e-06,optimal,6.021,0.001,-9.492,-34.385,0.516,-0.714,3.362,-0.697,-0.282,0.021,-0.199,-0.894,-0.293,0.002,-0.066,-0.204,0.03,-0.309
0.01,0.1,1.0,1e-06,optimal,2.254,0.003,-10.073,-36.657,3.036,-0.7,3.416,-0.638,-0.242,0.061,-0.172,-0.878,-0.26,0.002,-0.066,-0.177,0.067,-0.288
0.01,0.1,10.0,1e-06,optimal,1.356,0.015,-12.531,-40.28,14.559,-0.559,3.961,-0.042,0.159,0.46,0.094,-0.719,0.076,0.006,-0.056,0.092,0.432,-0.085
0.01,0.1,100.0,1e-06,optimal,1.988,0.078,-13.186,-6.505,78.326,0.849,9.408,5.917,4.17,4.448,2.752,0.872,3.432,0.043,0.037,2.787,4.083,1.949
0.01,1.0,0.001,1e-06,optimal,24.981,0.001,-9.43,-33.444,1.226,-0.711,3.342,-0.651,-0.226,0.008,-0.166,-0.867,-0.277,0.0,-0.063,-0.188,0.026,-0.204
0.01,1.0,0.01,1e-06,optimal,5.374,0.001,-9.437,-33.504,1.23,-0.711,3.343,-0.65,-0.225,0.008,-0.165,-0.867,-0.277,0.0,-0.063,-0.188,0.026,-0.203
0.01,1.0,0.1,1e-06,optimal,1.128,0.001,-9.503,-33.98,1.286,-0.71,3.348,-0.645,-0.222,0.01,-0.163,-0.865,-0.274,0.0,-0.063,-0.186,0.029,-0.202
0.01,1.0,1.0,1e-06,optimal,1.363,0.003,-10.083,-36.323,3.163,-0.696,3.403,-0.59,-0.191,0.028,-0.141,-0.85,-0.243,0.0,-0.062,-0.161,0.065,-0.189
0.01,1.0,10.0,1e-06,optimal,1.329,0.014,-12.545,-40.666,14.488,-0.556,3.945,-0.039,0.126,0.209,0.077,-0.696,0.071,0.001,-0.053,0.084,0.418,-0.056
0.01,1.0,100.0,1e-06,optimal,1.757,0.071,-13.233,-14.089,71.056,0.844,9.37,5.473,3.286,2.019,2.258,0.843,3.205,0.005,0.035,2.534,3.955,1.275
0.01,10.0,0.001,1e-06,optimal,37.914,0.004,-9.538,-32.057,4.16,-0.67,3.215,-0.372,-0.072,0.001,-0.059,-0.653,-0.167,0.0,-0.042,-0.099,0.019,-0.046
0.01,10.0,0.01,1e-06,optimal_inaccurate,126.387,0.004,-9.545,-32.118,4.162,-0.67,3.215,-0.371,-0.072,0.001,-0.059,-0.653,-0.167,0.0,-0.042,-0.099,0.02,-0.046
0.01,10.0,0.1,1e-06,optimal,3.176,0.004,-9.611,-32.609,4.187,-0.669,3.22,-0.368,-0.071,0.001,-0.058,-0.652,-0.165,0.0,-0.042,-0.097,0.022,-0.045
0.01,10.0,1.0,1e-06,optimal,1.348,0.005,-10.195,-35.122,4.698,-0.656,3.272,-0.337,-0.061,0.004,-0.051,-0.64,-0.146,0.0,-0.041,-0.085,0.049,-0.042
0.01,10.0,10.0,1e-06,optimal,1.347,0.014,-12.686,-41.136,14.369,-0.524,3.794,-0.022,0.04,0.032,0.028,-0.524,0.043,0.0,-0.036,0.044,0.318,-0.012
0.01,10.0,100.0,1e-06,optimal,5.065,0.058,-13.664,-31.27,57.882,0.795,9.012,3.125,1.054,0.313,0.808,0.636,1.929,0.0,0.024,1.33,3.01,0.286
0.01,100.0,0.001,1e-06,optimal,72.944,0.01,-10.487,-31.378,9.947,-0.426,2.366,-0.07,-0.009,0.0,-0.008,-0.188,-0.034,0.0,-0.01,-0.017,0.006,-0.005
0.01,100.0,0.01,1e-06,user_limit,126.173,0.01,-10.469,-31.448,10.0,-0.425,2.33,-0.07,-0.009,0.0,-0.008,-0.188,-0.033,0.0,-0.01,-0.017,0.006,-0.005
0.01,100.0,0.1,1e-06,user_limit,124.084,0.01,-10.549,-31.963,9.977,-0.425,2.344,-0.07,-0.009,0.0,-0.008,-0.188,-0.033,0.0,-0.01,-0.017,0.007,-0.005
0.01,100.0,1.0,1e-06,optimal_inaccurate,125.554,0.01,-11.139,-34.582,9.954,-0.416,2.401,-0.064,-0.008,0.0,-0.007,-0.185,-0.029,0.0,-0.01,-0.015,0.015,-0.005
0.01,100.0,10.0,1e-06,optimal,9.576,0.014,-13.799,-42.216,14.015,-0.333,2.753,-0.004,0.005,0.003,0.004,-0.151,0.009,0.0,-0.008,0.008,0.094,-0.001
0.01,100.0,100.0,1e-06,optimal,1.381,0.05,-16.51,-48.343,50.451,0.505,6.518,0.591,0.135,0.033,0.109,0.183,0.387,0.0,0.005,0.231,0.889,0.033
0.1,0.001,0.001,1e-06,optimal,22.973,0.0,-9.418,-33.892,0.002,-0.716,3.357,-0.71,-0.295,0.019,-0.207,-0.899,-0.299,0.016,-0.067,-0.209,0.026,-0.33
0.1,0.001,0.01,1e-06,optimal,59.642,0.0,-9.419,-33.898,0.007,-0.716,3.357,-0.71,-0.295,0.019,-0.207,-0.899,-0.299,0.016,-0.067,-0.209,0.026,-0.33
0.1,0.001,0.1,1e-06,optimal,52.345,0.0,-9.426,-33.957,0.063,-0.716,3.358,-0.709,-0.295,0.02,-0.206,-0.899,-0.299,0.016,-0.067,-0.209,0.027,-0.33
0.1,0.001,1.0,1e-06,optimal,5.015,0.0,-9.491,-34.424,0.495,-0.715,3.363,-0.703,-0.291,0.024,-0.204,-0.898,-0.296,0.016,-0.067,-0.206,0.03,-0.328
0.1,0.001,10.0,1e-06,optimal,2.225,0.003,-10.072,-36.678,3.028,-0.701,3.418,-0.643,-0.249,0.07,-0.177,-0.882,-0.262,0.019,-0.066,-0.179,0.067,-0.306
0.1,0.001,100.0,1e-06,optimal,1.337,0.015,-12.53,-40.126,14.585,-0.56,3.963,-0.042,0.164,0.531,0.096,-0.722,0.076,0.047,-0.057,0.093,0.434,-0.09
0.1,0.01,0.001,1e-06,optimal,23.779,0.0,-9.418,-33.893,0.021,-0.716,3.357,-0.71,-0.295,0.019,-0.207,-0.899,-0.299,0.015,-0.067,-0.209,0.026,-0.33
0.1,0.01,0.01,1e-06,optimal,36.193,0.0,-9.419,-33.899,0.021,-0.716,3.357,-0.71,-0.295,0.019,-0.207,-0.899,-0.299,0.015,-0.067,-0.209,0.026,-0.33
0.1,0.01,0.1,1e-06,optimal,16.74,0.0,-9.426,-33.957,0.063,-0.716,3.358,-0.709,-0.295,0.02,-0.206,-0.899,-0.299,0.015,-0.067,-0.209,0.027,-0.33
0.1,0.01,1.0,1e-06,optimal,5.069,0.0,-9.491,-34.425,0.495,-0.715,3.363,-0.703,-0.29,0.024,-0.204,-0.898,-0.296,0.015,-0.067,-0.206,0.03,-0.328
0.1,0.01,10.0,1e-06,optimal,2.192,0.003,-10.072,-36.679,3.028,-0.701,3.418,-0.643,-0.249,0.07,-0.176,-0.882,-0.262,0.018,-0.066,-0.179,0.067,-0.306
0.1,0.01,100.0,1e-06,optimal,1.399,0.015,-12.53,-40.13,14.584,-0.56,3.963,-0.042,0.164,0.53,0.096,-0.722,0.076,0.044,-0.057,0.093,0.434,-0.09
0.1,0.1,0.001,1e-06,optimal,23.693,0.0,-9.418,-33.894,0.135,-0.716,3.357,-0.71,-0.294,0.019,-0.206,-0.899,-0.299,0.01,-0.067,-0.209,0.026,-0.328
0.1,0.1,0.01,1e-06,optimal,60.108,0.0,-9.419,-33.9,0.135,-0.716,3.357,-0.709,-0.294,0.019,-0.206,-0.899,-0.299,0.01,-0.067,-0.209,0.026,-0.328
0.1,0.1,0.1,1e-06,optimal,17.019,0.0,-9.426,-33.959,0.136,-0.716,3.358,-0.709,-0.294,0.02,-0.206,-0.899,-0.299,0.01,-0.067,-0.209,0.027,-0.328
0.1,0.1,1.0,1e-06,optimal,5.753,0.0,-9.491,-34.427,0.495,-0.715,3.363,-0.703,-0.29,0.024,-0.203,-0.897,-0.295,0.01,-0.067,-0.206,0.03,-0.326
0.1,0.1,10.0,1e-06,optimal,2.302,0.003,-10.072,-36.684,3.027,-0.7,3.417,-0.643,-0.248,0.069,-0.176,-0.881,-0.262,0.011,-0.066,-0.179,0.067,-0.305
0.1,0.1,100.0,1e-06,optimal,1.413,0.015,-12.53,-40.162,14.579,-0.56,3.962,-0.042,0.164,0.523,0.096,-0.722,0.076,0.028,-0.057,0.093,0.433,-0.09
0.1,1.0,0.001,1e-06,optimal,24.737,0.0,-9.419,-33.851,0.337,-0.716,3.356,-0.704,-0.286,0.017,-0.202,-0.896,-0.297,0.002,-0.067,-0.207,0.026,-0.311
0.1,1.0,0.01,1e-06,optimal,12.715,0.0,-9.419,-33.856,0.337,-0.716,3.356,-0.704,-0.286,0.017,-0.202,-0.896,-0.297,0.002,-0.067,-0.207,0.026,-0.311
0.1,1.0,0.1,1e-06,optimal,5.648,0.0,-9.427,-33.915,0.339,-0.716,3.356,-0.703,-0.286,0.017,-0.201,-0.896,-0.297,0.002,-0.067,-0.207,0.027,-0.311
0.1,1.0,1.0,1e-06,optimal,2.613,0.001,-9.492,-34.385,0.516,-0.714,3.362,-0.697,-0.282,0.021,-0.199,-0.894,-0.293,0.002,-0.066,-0.204,0.03,-0.309
0.1,1.0,10.0,1e-06,optimal,1.391,0.003,-10.073,-36.657,3.036,-0.7,3.416,-0.638,-0.242,0.061,-0.172,-0.878,-0.26,0.002,-0.066,-0.177,0.067,-0.288
0.1,1.0,100.0,1e-06,optimal,1.322,0.015,-12.531,-40.28,14.559,-0.559,3.961,-0.042,0.159,0.46,0.094,-0.719,0.076,0.006,-0.056,0.092,0.432,-0.085
0.1,10.0,0.001,1e-06,optimal,26.573,0.001,-9.429,-33.437,1.226,-0.711,3.342,-0.651,-0.226,0.008,-0.166,-0.867,-0.277,0.0,-0.063,-0.188,0.025,-0.204
0.1,10.0,0.01,1e-06,optimal,9.703,0.001,-9.43,-33.444,1.226,-0.711,3.342,-0.651,-0.226,0.008,-0.166,-0.867,-0.277,0.0,-0.063,-0.188,0.026,-0.204
0.1,10.0,0.1,1e-06,optimal,2.553,0.001,-9.437,-33.503,1.23,-0.711,3.343,-0.65,-0.225,0.008,-0.165,-0.867,-0.277,0.0,-0.063,-0.188,0.026,-0.203
0.1,10.0,1.0,1e-06,optimal,3.42,0.001,-9.503,-33.98,1.286,-0.71,3.348,-0.645,-0.222,0.01,-0.163,-0.865,-0.274,0.0,-0.063,-0.186,0.029,-0.202
0.1,10.0,10.0,1e-06,optimal,2.224,0.003,-10.083,-36.323,3.163,-0.696,3.403,-0.59,-0.191,0.028,-0.141,-0.85,-0.243,0.0,-0.062,-0.161,0.065,-0.189
0.1,10.0,100.0,1e-06,optimal,1.375,0.014,-12.545,-40.666,14.488,-0.556,3.945,-0.039,0.126,0.209,0.077,-0.696,0.071,0.001,-0.053,0.084,0.418,-0.056
0.1,100.0,0.001,1e-06,optimal,46.077,0.004,-9.538,-32.051,4.159,-0.67,3.215,-0.372,-0.072,0.001,-0.059,-0.653,-0.167,0.0,-0.042,-0.099,0.019,-0.046
0.1,100.0,0.01,1e-06,optimal_inaccurate,126.41,0.004,-9.538,-32.057,4.16,-0.67,3.214,-0.372,-0.072,0.001,-0.059,-0.653,-0.167,0.0,-0.042,-0.099,0.019,-0.046
0.1,100.0,0.1,1e-06,optimal,122.846,0.004,-9.545,-32.119,4.162,-0.67,3.215,-0.371,-0.072,0.001,-0.059,-0.653,-0.167,0.0,-0.042,-0.099,0.02,-0.046
0.1,100.0,1.0,1e-06,optimal,2.259,0.004,-9.611,-32.611,4.187,-0.669,3.22,-0.368,-0.071,0.001,-0.058,-0.652,-0.165,0.0,-0.042,-0.097,0.022,-0.045
0.1,100.0,10.0,1e-06,optimal,1.628,0.005,-10.195,-35.122,4.698,-0.656,3.272,-0.337,-0.061,0.004,-0.051,-0.64,-0.146,0.0,-0.041,-0.085,0.049,-0.042
0.1,100.0,100.0,1e-06,optimal,2.186,0.014,-12.686,-41.136,14.369,-0.524,3.794,-0.022,0.04,0.032,0.028,-0.524,0.043,0.0,-0.036,0.044,0.318,-0.012
1.0,0.001,0.001,1e-06,optimal,28.086,0.0,-9.418,-33.891,0.0,-0.716,3.357,-0.71,-0.295,0.019,-0.207,-0.899,-0.299,0.016,-0.067,-0.209,0.026,-0.33
1.0,0.001,0.01,1e-06,optimal,94.367,0.0,-9.418,-33.892,0.002,-0.716,3.357,-0.71,-0.295,0.019,-0.207,-0.899,-0.299,0.016,-0.067,-0.209,0.026,-0.33
1.0,0.001,0.1,1e-06,optimal,114.17,0.0,-9.419,-33.898,0.007,-0.716,3.357,-0.71,-0.295,0.019,-0.207,-0.899,-0.299,0.016,-0.067,-0.209,0.026,-0.33
1.0,0.001,1.0,1e-06,optimal,49.711,0.0,-9.426,-33.957,0.063,-0.716,3.358,-0.709,-0.295,0.02,-0.206,-0.899,-0.299,0.016,-0.067,-0.209,0.027,-0.33
1.0,0.001,10.0,1e-06,optimal,5.739,0.0,-9.491,-34.424,0.495,-0.715,3.363,-0.703,-0.291,0.024,-0.204,-0.898,-0.296,0.016,-0.067,-0.206,0.03,-0.328
1.0,0.001,100.0,1e-06,optimal,2.209,0.003,-10.072,-36.678,3.028,-0.701,3.418,-0.643,-0.249,0.07,-0.177,-0.882,-0.262,0.019,-0.066,-0.179,0.067,-0.306
1.0,0.01,0.001,1e-06,optimal,26.353,0.0,-9.418,-33.891,0.002,-0.716,3.357,-0.71,-0.295,0.019,-0.207,-0.899,-0.299,0.016,-0.067,-0.209,0.026,-0.33
1.0,0.01,0.01,1e-06,optimal,107.795,0.0,-9.418,-33.892,0.002,-0.716,3.357,-0.71,-0.295,0.019,-0.207,-0.899,-0.299,0.016,-0.067,-0.209,0.026,-0.33
1.0,0.01,0.1,1e-06,optimal,102.517,0.0,-9.418,-33.898,0.007,-0.716,3.357,-0.71,-0.295,0.019,-0.207,-0.899,-0.299,0.016,-0.067,-0.209,0.026,-0.33
1.0,0.01,1.0,1e-06,optimal,51.646,0.0,-9.426,-33.957,0.063,-0.716,3.358,-0.709,-0.295,0.02,-0.206,-0.899,-0.299,0.016,-0.067,-0.209,0.027,-0.33
1.0,0.01,10.0,1e-06,optimal,6.96,0.0,-9.491,-34.425,0.495,-0.715,3.363,-0.703,-0.291,0.024,-0.204,-0.898,-0.296,0.016,-0.067,-0.206,0.03,-0.328
1.0,0.01,100.0,1e-06,optimal,2.231,0.003,-10.072,-36.678,3.028,-0.701,3.418,-0.643,-0.249,0.07,-0.177,-0.882,-0.262,0.019,-0.066,-0.179,0.067,-0.306
1.0,0.1,0.001,1e-06,optimal,26.75,0.0,-9.418,-33.892,0.021,-0.716,3.357,-0.71,-0.295,0.019,-0.207,-0.899,-0.299,0.015,-0.067,-0.209,0.026,-0.33
1.0,0.1,0.01,1e-06,optimal,52.551,0.0,-9.418,-33.892,0.021,-0.716,3.357,-0.71,-0.295,0.019,-0.207,-0.899,-0.299,0.015,-0.067,-0.209,0.026,-0.33
1.0,0.1,0.1,1e-06,optimal,42.609,0.0,-9.419,-33.899,0.021,-0.716,3.357,-0.71,-0.295,0.019,-0.207,-0.899,-0.299,0.015,-0.067,-0.209,0.026,-0.33
1.0,0.1,1.0,1e-06,optimal,51.117,0.0,-9.426,-33.958,0.063,-0.716,3.358,-0.709,-0.295,0.02,-0.206,-0.899,-0.299,0.015,-0.067,-0.209,0.027,-0.33
1.0,0.1,10.0,1e-06,optimal,4.997,0.0,-9.491,-34.425,0.495,-0.715,3.363,-0.703,-0.29,0.024,-0.204,-0.898,-0.296,0.015,-0.067,-0.206,0.03,-0.328
1.0,0.1,100.0,1e-06,optimal,2.19,0.003,-10.072,-36.679,3.028,-0.701,3.418,-0.643,-0.249,0.07,-0.176,-0.882,-0.262,0.018,-0.066,-0.179,0.067,-0.306
1.0,1.0,0.001,1e-06,optimal,30.19,0.0,-9.418,-33.894,0.135,-0.716,3.357,-0.71,-0.294,0.019,-0.206,-0.899,-0.299,0.01,-0.067,-0.209,0.026,-0.328
1.0,1.0,0.01,1e-06,optimal,67.98,0.0,-9.418,-33.894,0.135,-0.716,3.357,-0.71,-0.294,0.019,-0.206,-0.899,-0.299,0.01,-0.067,-0.209,0.026,-0.328
1.0,1.0,0.1,1e-06,optimal,7.661,0.0,-9.418,-33.9,0.135,-0.716,3.357,-0.709,-0.294,0.019,-0.206,-0.899,-0.299,0.01,-0.067,-0.209,0.026,-0.328
1.0,1.0,1.0,1e-06,optimal,22.463,0.0,-9.426,-33.959,0.136,-0.716,3.358,-0.709,-0.294,0.02,-0.206,-0.899,-0.299,0.01,-0.067,-0.209,0.027,-0.328
1.0,1.0,10.0,1e-06,optimal,8.128,0.0,-9.491,-34.427,0.495,-0.715,3.363,-0.703,-0.29,0.024,-0.203,-0.897,-0.295,0.01,-0.067,-0.206,0.03,-0.326
1.0,1.0,100.0,1e-06,optimal,2.236,0.003,-10.072,-36.684,3.027,-0.7,3.417,-0.643,-0.248,0.069,-0.176,-0.881,-0.262,0.011,-0.066,-0.179,0.067,-0.305
1.0,10.0,0.001,1e-06,optimal,28.298,0.0,-9.419,-33.85,0.337,-0.716,3.356,-0.704,-0.286,0.017,-0.202,-0.896,-0.297,0.002,-0.067,-0.207,0.026,-0.311
1.0,10.0,0.01,1e-06,optimal,24.95,0.0,-9.419,-33.851,0.337,-0.716,3.356,-0.704,-0.286,0.017,-0.202,-0.896,-0.297,0.002,-0.067,-0.207,0.026,-0.311
1.0,10.0,0.1,1e-06,optimal,3.584,0.0,-9.42,-33.855,0.337,-0.716,3.356,-0.704,-0.286,0.017,-0.202,-0.896,-0.297,0.002,-0.067,-0.207,0.026,-0.311
1.0,10.0,1.0,1e-06,optimal,5.688,0.0,-9.427,-33.915,0.339,-0.716,3.356,-0.703,-0.286,0.017,-0.201,-0.896,-0.297,0.002,-0.067,-0.207,0.027,-0.311
1.0,10.0,10.0,1e-06,optimal,2.608,0.001,-9.492,-34.385,0.516,-0.714,3.362,-0.697,-0.282,0.021,-0.199,-0.894,-0.293,0.002,-0.066,-0.204,0.03,-0.309
1.0,10.0,100.0,1e-06,optimal,1.357,0.003,-10.073,-36.657,3.036,-0.7,3.416,-0.638,-0.242,0.061,-0.172,-0.878,-0.26,0.002,-0.066,-0.177,0.067,-0.288
1.0,100.0,0.001,1e-06,optimal,30.789,0.001,-9.429,-33.437,1.226,-0.711,3.342,-0.651,-0.226,0.008,-0.166,-0.867,-0.277,0.0,-0.063,-0.188,0.025,-0.204
1.0,100.0,0.01,1e-06,optimal,9.91,0.001,-9.429,-33.437,1.226,-0.711,3.342,-0.651,-0.226,0.008,-0.166,-0.867,-0.277,0.0,-0.063,-0.188,0.025,-0.204
1.0,100.0,0.1,1e-06,optimal,0.816,0.001,-9.43,-33.443,1.226,-0.711,3.342,-0.651,-0.226,0.008,-0.166,-0.867,-0.277,0.0,-0.063,-0.188,0.026,-0.204
1.0,100.0,1.0,1e-06,optimal,2.628,0.001,-9.437,-33.503,1.23,-0.711,3.343,-0.65,-0.225,0.008,-0.165,-0.867,-0.277,0.0,-0.063,-0.188,0.026,-0.203
1.0,100.0,10.0,1e-06,optimal,3.177,0.001,-9.503,-33.98,1.286,-0.71,3.348,-0.645,-0.222,0.01,-0.163,-0.865,-0.274,0.0,-0.063,-0.186,0.029,-0.202
1.0,100.0,100.0,1e-06,optimal,1.377,0.003,-10.083,-36.323,3.163,-0.696,3.403,-0.59,-0.191,0.028,-0.141,-0.85,-0.243,0.0,-0.062,-0.161,0.065,-0.189
10.0,0.001,0.001,1e-06,optimal,25.283,0.0,-9.418,-33.891,0.0,-0.716,3.357,-0.71,-0.295,0.019,-0.207,-0.899,-0.299,0.016,-0.067,-0.209,0.026,-0.33
10.0,0.001,0.01,1e-06,user_limit,127.62,0.0,-9.418,-33.891,0.004,-0.716,3.357,-0.71,-0.295,0.019,-0.207,-0.899,-0.299,0.016,-0.067,-0.209,0.026,-0.33
10.0,0.001,0.1,1e-06,user_limit,123.076,0.0,-9.418,-33.891,0.004,-0.716,3.357,-0.71,-0.295,0.019,-0.207,-0.899,-0.299,0.016,-0.067,-0.209,0.026,-0.33
10.0,0.001,1.0,1e-06,user_limit,122.898,0.0,-9.419,-33.898,0.007,-0.716,3.357,-0.71,-0.295,0.019,-0.207,-0.899,-0.299,0.016,-0.067,-0.209,0.026,-0.33
10.0,0.001,10.0,1e-06,optimal,58.776,0.0,-9.426,-33.957,0.063,-0.716,3.358,-0.709,-0.295,0.02,-0.206,-0.899,-0.299,0.016,-0.067,-0.209,0.027,-0.33
10.0,0.001,100.0,1e-06,optimal,7.834,0.0,-9.491,-34.424,0.495,-0.715,3.363,-0.703,-0.291,0.024,-0.204,-0.898,-0.296,0.016,-0.067,-0.206,0.03,-0.328
10.0,0.01,0.001,1e-06,optimal,24.032,0.0,-9.418,-33.891,0.0,-0.716,3.357,-0.71,-0.295,0.019,-0.207,-0.899,-0.299,0.016,-0.067,-0.209,0.026,-0.33
10.0,0.01,0.01,1e-06,optimal_inaccurate,127.02,0.0,-9.418,-33.891,0.003,-0.716,3.357,-0.71,-0.295,0.019,-0.207,-0.899,-0.299,0.016,-0.067,-0.209,0.026,-0.33
10.0,0.01,0.1,1e-06,user_limit,122.752,0.0,-9.418,-33.892,0.002,-0.716,3.357,-0.71,-0.295,0.019,-0.207,-0.899,-0.299,0.016,-0.067,-0.209,0.026,-0.33
10.0,0.01,1.0,1e-06,optimal,53.407,0.0,-9.418,-33.898,0.007,-0.716,3.357,-0.71,-0.295,0.019,-0.207,-0.899,-0.299,0.016,-0.067,-0.209,0.026,-0.33
10.0,0.01,10.0,1e-06,optimal,17.39,0.0,-9.426,-33.957,0.064,-0.716,3.358,-0.709,-0.295,0.02,-0.206,-0.899,-0.299,0.016,-0.067,-0.209,0.027,-0.33
10.0,0.01,100.0,1e-06,optimal,6.147,0.0,-9.491,-34.425,0.495,-0.715,3.363,-0.703,-0.291,0.024,-0.204,-0.898,-0.296,0.016,-0.067,-0.206,0.03,-0.328
10.0,0.1,0.001,1e-06,optimal,24.022,0.0,-9.418,-33.891,0.002,-0.716,3.357,-0.71,-0.295,0.019,-0.207,-0.899,-0.299,0.016,-0.067,-0.209,0.026,-0.33
10.0,0.1,0.01,1e-06,optimal_inaccurate,125.897,0.0,-9.418,-33.891,0.002,-0.716,3.357,-0.71,-0.295,0.019,-0.207,-0.899,-0.299,0.016,-0.067,-0.209,0.026,-0.33
10.0,0.1,0.1,1e-06,optimal,113.176,0.0,-9.418,-33.892,0.002,-0.716,3.357,-0.71,-0.295,0.019,-0.207,-0.899,-0.299,0.016,-0.067,-0.209,0.026,-0.33
10.0,0.1,1.0,1e-06,optimal,107.592,0.0,-9.419,-33.898,0.007,-0.716,3.357,-0.71,-0.295,0.019,-0.207,-0.899,-0.299,0.016,-0.067,-0.209,0.026,-0.33
10.0,0.1,10.0,1e-06,optimal,40.432,0.0,-9.426,-33.957,0.063,-0.716,3.358,-0.709,-0.295,0.02,-0.206,-0.899,-0.299,0.016,-0.067,-0.209,0.027,-0.33
10.0,0.1,100.0,1e-06,optimal,4.736,0.0,-9.491,-34.425,0.495,-0.715,3.363,-0.703,-0.291,0.024,-0.204,-0.898,-0.296,0.016,-0.067,-0.206,0.03,-0.328
10.0,1.0,0.001,1e-06,optimal,23.784,0.0,-9.418,-33.892,0.021,-0.716,3.357,-0.71,-0.295,0.019,-0.207,-0.899,-0.299,0.015,-0.067,-0.209,0.026,-0.33
10.0,1.0,0.01,1e-06,optimal,59.756,0.0,-9.418,-33.892,0.021,-0.716,3.357,-0.71,-0.295,0.019,-0.207,-0.899,-0.299,0.015,-0.067,-0.209,0.026,-0.33
10.0,1.0,0.1,1e-06,optimal,34.312,0.0,-9.418,-33.892,0.021,-0.716,3.357,-0.71,-0.295,0.019,-0.207,-0.899,-0.299,0.015,-0.067,-0.209,0.026,-0.33
10.0,1.0,1.0,1e-06,optimal,39.357,0.0,-9.418,-33.899,0.021,-0.716,3.357,-0.71,-0.295,0.019,-0.207,-0.899,-0.299,0.015,-0.067,-0.209,0.026,-0.33
10.0,1.0,10.0,1e-06,optimal,48.006,0.0,-9.426,-33.957,0.063,-0.716,3.358,-0.709,-0.295,0.02,-0.206,-0.899,-0.299,0.015,-0.067,-0.209,0.027,-0.33
10.0,1.0,100.0,1e-06,optimal,4.044,0.0,-9.491,-34.425,0.495,-0.715,3.363,-0.703,-0.29,0.024,-0.204,-0.898,-0.296,0.015,-0.067,-0.206,0.03,-0.328
10.0,10.0,0.001,1e-06,optimal,25.892,0.0,-9.418,-33.894,0.135,-0.716,3.357,-0.71,-0.294,0.019,-0.206,-0.899,-0.299,0.01,-0.067,-0.209,0.026,-0.328
10.0,10.0,0.01,1e-06,optimal,69.15,0.0,-9.418,-33.894,0.135,-0.716,3.357,-0.71,-0.294,0.019,-0.206,-0.899,-0.299,0.01,-0.067,-0.209,0.026,-0.328
10.0,10.0,0.1,1e-06,optimal,3.528,0.0,-9.418,-33.894,0.135,-0.716,3.357,-0.71,-0.294,0.019,-0.206,-0.899,-0.299,0.01,-0.067,-0.209,0.026,-0.328
10.0,10.0,1.0,1e-06,optimal,15.88,0.0,-9.419,-33.9,0.135,-0.716,3.357,-0.709,-0.294,0.019,-0.206,-0.899,-0.299,0.01,-0.067,-0.209,0.026,-0.328
10.0,10.0,10.0,1e-06,optimal,29.297,0.0,-9.426,-33.959,0.136,-0.716,3.358,-0.709,-0.294,0.02,-0.206,-0.899,-0.299,0.01,-0.067,-0.209,0.027,-0.328
10.0,10.0,100.0,1e-06,optimal,8.766,0.0,-9.491,-34.427,0.495,-0.715,3.363,-0.703,-0.29,0.024,-0.203,-0.897,-0.295,0.01,-0.067,-0.206,0.03,-0.326
10.0,100.0,0.001,1e-06,optimal,27.985,0.0,-9.419,-33.85,0.337,-0.716,3.356,-0.704,-0.286,0.017,-0.202,-0.896,-0.297,0.002,-0.067,-0.207,0.026,-0.311
10.0,100.0,0.01,1e-06,optimal,24.927,0.0,-9.419,-33.85,0.337,-0.716,3.356,-0.704,-0.286,0.017,-0.202,-0.896,-0.297,0.002,-0.067,-0.207,0.026,-0.311
10.0,100.0,0.1,1e-06,optimal,0.501,0.0,-9.422,-33.857,0.337,-0.716,3.356,-0.704,-0.286,0.017,-0.202,-0.896,-0.297,0.002,-0.067,-0.207,0.026,-0.311
10.0,100.0,1.0,1e-06,optimal,3.69,0.0,-9.42,-33.854,0.337,-0.716,3.356,-0.704,-0.286,0.017,-0.202,-0.896,-0.297,0.002,-0.067,-0.207,0.026,-0.311
10.0,100.0,10.0,1e-06,optimal,5.672,0.0,-9.427,-33.915,0.339,-0.716,3.356,-0.703,-0.286,0.017,-0.201,-0.896,-0.297,0.002,-0.067,-0.207,0.027,-0.311
10.0,100.0,100.0,1e-06,optimal,2.591,0.001,-9.492,-34.385,0.516,-0.714,3.362,-0.697,-0.282,0.021,-0.199,-0.894,-0.293,0.002,-0.066,-0.204,0.03,-0.309
100.0,0.001,0.001,1e-06,optimal,29.22,0.0,-9.418,-33.891,0.0,-0.716,3.357,-0.71,-0.295,0.019,-0.207,-0.899,-0.299,0.016,-0.067,-0.209,0.026,-0.33
100.0,0.001,0.01,1e-06,user_limit,128.106,0.0,-9.418,-33.891,0.02,-0.716,3.357,-0.71,-0.295,0.019,-0.207,-0.899,-0.299,0.016,-0.067,-0.209,0.026,-0.33
100.0,0.001,0.1,1e-06,user_limit,124.134,0.0,-9.418,-33.891,0.004,-0.716,3.357,-0.71,-0.295,0.019,-0.207,-0.899,-0.299,0.016,-0.067,-0.209,0.026,-0.33
100.0,0.001,1.0,1e-06,user_limit,123.084,0.0,-9.418,-33.892,0.002,-0.716,3.357,-0.71,-0.295,0.019,-0.207,-0.899,-0.299,0.016,-0.067,-0.209,0.026,-0.33
100.0,0.001,10.0,1e-06,user_limit,122.866,0.0,-9.419,-33.898,0.007,-0.716,3.357,-0.71,-0.295,0.019,-0.207,-0.899,-0.299,0.016,-0.067,-0.209,0.026,-0.33
100.0,0.001,100.0,1e-06,optimal,28.306,0.0,-9.426,-33.957,0.063,-0.716,3.358,-0.709,-0.295,0.02,-0.206,-0.899,-0.299,0.016,-0.067,-0.209,0.027,-0.33
100.0,0.01,0.001,1e-06,optimal,28.821,0.0,-9.418,-33.891,0.0,-0.716,3.357,-0.71,-0.295,0.019,-0.207,-0.899,-0.299,0.016,-0.067,-0.209,0.026,-0.33
100.0,0.01,0.01,1e-06,user_limit,128.121,0.0,-9.418,-33.892,0.009,-0.716,3.357,-0.71,-0.295,0.019,-0.207,-0.899,-0.299,0.016,-0.067,-0.209,0.026,-0.33
100.0,0.01,0.1,1e-06,user_limit,122.571,0.0,-9.418,-33.891,0.003,-0.716,3.357,-0.71,-0.295,0.019,-0.207,-0.899,-0.299,0.016,-0.067,-0.209,0.026,-0.33
100.0,0.01,1.0,1e-06,user_limit,122.994,0.0,-9.418,-33.891,0.005,-0.716,3.357,-0.71,-0.295,0.019,-0.207,-0.899,-0.299,0.016,-0.067,-0.209,0.026,-0.33
100.0,0.01,10.0,1e-06,user_limit,122.909,0.0,-9.419,-33.898,0.007,-0.716,3.357,-0.71,-0.295,0.019,-0.207,-0.899,-0.299,0.016,-0.067,-0.209,0.026,-0.33
100.0,0.01,100.0,1e-06,optimal,57.141,0.0,-9.426,-33.957,0.063,-0.716,3.358,-0.709,-0.295,0.02,-0.206,-0.899,-0.299,0.016,-0.067,-0.209,0.027,-0.33
100.0,0.1,0.001,1e-06,optimal,27.719,0.0,-9.418,-33.891,0.0,-0.716,3.357,-0.71,-0.295,0.019,-0.207,-0.899,-0.299,0.016,-0.067,-0.209,0.026,-0.33
100.0,0.1,0.01,1e-06,user_limit,126.431,0.0,-9.418,-33.891,0.003,-0.716,3.357,-0.71,-0.295,0.019,-0.207,-0.899,-0.299,0.016,-0.067,-0.209,0.026,-0.33
100.0,0.1,0.1,1e-06,optimal_inaccurate,123.032,0.0,-9.418,-33.891,0.004,-0.716,3.357,-0.71,-0.295,0.019,-0.207,-0.899,-0.299,0.016,-0.067,-0.209,0.026,-0.33
100.0,0.1,1.0,1e-06,user_limit,124.093,0.0,-9.418,-33.891,0.004,-0.716,3.357,-0.71,-0.295,0.019,-0.207,-0.899,-0.299,0.016,-0.067,-0.209,0.026,-0.33
100.0,0.1,10.0,1e-06,user_limit,122.755,0.0,-9.419,-33.898,0.007,-0.716,3.357,-0.71,-0.295,0.019,-0.207,-0.899,-0.299,0.016,-0.067,-0.209,0.026,-0.33
100.0,0.1,100.0,1e-06,optimal,60.222,0.0,-9.426,-33.957,0.063,-0.716,3.358,-0.709,-0.295,0.02,-0.206,-0.899,-0.299,0.016,-0.067,-0.209,0.027,-0.33
100.0,1.0,0.001,1e-06,optimal,28.631,0.0,-9.418,-33.891,0.002,-0.716,3.357,-0.71,-0.295,0.019,-0.207,-0.899,-0.299,0.016,-0.067,-0.209,0.026,-0.33
100.0,1.0,0.01,1e-06,optimal,111.179,0.0,-9.418,-33.892,0.003,-0.716,3.357,-0.71,-0.295,0.019,-0.207,-0.899,-0.299,0.016,-0.067,-0.209,0.026,-0.33
100.0,1.0,0.1,1e-06,optimal,50.88,0.0,-9.418,-33.891,0.002,-0.716,3.357,-0.71,-0.295,0.019,-0.207,-0.899,-0.299,0.016,-0.067,-0.209,0.026,-0.33
100.0,1.0,1.0,1e-06,optimal,108.706,0.0,-9.418,-33.892,0.002,-0.716,3.357,-0.71,-0.295,0.019,-0.207,-0.899,-0.299,0.016,-0.067,-0.209,0.026,-0.33
100.0,1.0,10.0,1e-06,optimal,115.122,0.0,-9.419,-33.898,0.007,-0.716,3.357,-0.71,-0.295,0.019,-0.207,-0.899,-0.299,0.016,-0.067,-0.209,0.026,-0.33
100.0,1.0,100.0,1e-06,optimal,47.396,0.0,-9.426,-33.957,0.063,-0.716,3.358,-0.709,-0.295,0.02,-0.206,-0.899,-0.299,0.016,-0.067,-0.209,0.027,-0.33
100.0,10.0,0.001,1e-06,optimal,31.147,0.0,-9.418,-33.892,0.021,-0.716,3.357,-0.71,-0.295,0.019,-0.207,-0.899,-0.299,0.015,-0.067,-0.209,0.026,-0.33
100.0,10.0,0.01,1e-06,optimal,65.542,0.0,-9.418,-33.892,0.021,-0.716,3.357,-0.71,-0.295,0.019,-0.207,-0.899,-0.299,0.015,-0.067,-0.209,0.026,-0.33
100.0,10.0,0.1,1e-06,optimal,3.51,0.0,-9.418,-33.892,0.021,-0.716,3.357,-0.71,-0.295,0.019,-0.207,-0.899,-0.299,0.015,-0.067,-0.209,0.026,-0.33
100.0,10.0,1.0,1e-06,optimal,34.231,0.0,-9.418,-33.892,0.021,-0.716,3.357,-0.71,-0.295,0.019,-0.207,-0.899,-0.299,0.015,-0.067,-0.209,0.026,-0.33
100.0,10.0,10.0,1e-06,optimal,52.233,0.0,-9.418,-33.899,0.021,-0.716,3.357,-0.71,-0.295,0.019,-0.207,-0.899,-0.299,0.015,-0.067,-0.209,0.026,-0.33
100.0,10.0,100.0,1e-06,optimal,26.789,0.0,-9.426,-33.957,0.063,-0.716,3.358,-0.709,-0.295,0.02,-0.206,-0.899,-0.299,0.015,-0.067,-0.209,0.027,-0.33
100.0,100.0,0.001,1e-06,optimal,41.408,0.0,-9.418,-33.894,0.135,-0.716,3.357,-0.71,-0.294,0.019,-0.206,-0.899,-0.299,0.01,-0.067,-0.209,0.026,-0.328
100.0,100.0,0.01,1e-06,optimal,68.977,0.0,-9.418,-33.894,0.135,-0.716,3.357,-0.71,-0.294,0.019,-0.206,-0.899,-0.299,0.01,-0.067,-0.209,0.026,-0.328
100.0,100.0,0.1,1e-06,optimal,0.5,0.0,-9.418,-33.895,0.135,-0.716,3.357,-0.71,-0.294,0.019,-0.206,-0.899,-0.299,0.01,-0.067,-0.209,0.026,-0.328
100.0,100.0,1.0,1e-06,optimal,2.979,0.0,-9.418,-33.893,0.135,-0.716,3.357,-0.71,-0.294,0.019,-0.206,-0.899,-0.299,0.01,-0.067,-0.209,0.026,-0.328
100.0,100.0,10.0,1e-06,optimal,10.297,0.0,-9.419,-33.9,0.135,-0.716,3.357,-0.709,-0.294,0.019,-0.206,-0.899,-0.299,0.01,-0.067,-0.209,0.026,-0.328
100.0,100.0,100.0,1e-06,optimal,13.901,0.0,-9.426,-33.96,0.136,-0.716,3.358,-0.709,-0.294,0.02,-0.206,-0.899,-0.299,0.01,-0.067,-0.209,0.027,-0.328
