timestamp,state,gen,load,dg
2018-01-01 00:00:00+00:00,AZ,8164884.793,5461683.2,143349.813
2018-01-01 00:00:00+00:00,CA,13673192.452,20465007.0,685038.465
2018-01-01 00:00:00+00:00,CO,4646133.688,4646728.6,35476.328
2018-01-01 00:00:00+00:00,ID,1421644.223,1972946.4,976.899
2018-01-01 00:00:00+00:00,MT,2603948.562,1398834.3,849.787
2018-01-01 00:00:00+00:00,NM,2031656.405,1923609.4,16939.927
2018-01-01 00:00:00+00:00,NV,2806632.856,2647678.0,26947.011
2018-01-01 00:00:00+00:00,OR,5910458.698,4428725.5,7025.489
2018-01-01 00:00:00+00:00,SD,1018329.384,1222686.4,46.545
2018-01-01 00:00:00+00:00,TX,40067804.243,37159308.0,42440.638
2018-01-01 00:00:00+00:00,UT,3134703.646,2519571.5,20939.46
2018-01-01 00:00:00+00:00,WA,10843663.912,8721270.0,4623.327
2018-01-01 00:00:00+00:00,WY,4230795.894,1531784.4,278.06
2018-02-01 00:00:00+00:00,AZ,7277189.15,4865995.7,145063.566
2018-02-01 00:00:00+00:00,CA,12684154.024,17977579.0,750579.748
2018-02-01 00:00:00+00:00,CO,4238313.872,4212707.6,36547.24
2018-02-01 00:00:00+00:00,ID,1375948.142,1756369.5,1382.811
2018-02-01 00:00:00+00:00,MT,2339096.964,1323374.6,1085.965
2018-02-01 00:00:00+00:00,NM,1862639.687,1734177.8,17301.336
2018-02-01 00:00:00+00:00,NV,2616425.824,2446587.3,28719.995
2018-02-01 00:00:00+00:00,OR,5617145.508,4237804.4,10642.763
2018-02-01 00:00:00+00:00,SD,942427.315,1132101.0,54.278
2018-02-01 00:00:00+00:00,TX,33332161.478,30770230.0,42050.97
2018-02-01 00:00:00+00:00,UT,2685941.509,2256305.3,22030.394
2018-02-01 00:00:00+00:00,WA,10660500.379,8002140.7,7911.632
2018-02-01 00:00:00+00:00,WY,3594414.297,1392853.7,328.541
2018-03-01 00:00:00+00:00,AZ,7943787.338,5267590.7,192833.205
2018-03-01 00:00:00+00:00,CA,14019449.661,21519329.0,1043844.638
2018-03-01 00:00:00+00:00,CO,4375747.816,4445079.5,52431.048
2018-03-01 00:00:00+00:00,ID,1625150.669,1793568.6,2246.733
2018-03-01 00:00:00+00:00,MT,2735698.609,1273943.9,1552.607
2018-03-01 00:00:00+00:00,NM,2352666.579,1789541.8,22144.05
2018-03-01 00:00:00+00:00,NV,2818855.465,2634833.5,38805.44
2018-03-01 00:00:00+00:00,OR,6056466.295,4187308.1,15359.334
2018-03-01 00:00:00+00:00,SD,987702.472,1113764.7,75.721
2018-03-01 00:00:00+00:00,TX,34042421.09,29683946.0,55567.374
2018-03-01 00:00:00+00:00,UT,2597500.171,2309638.4,32656.628
2018-03-01 00:00:00+00:00,WA,10136471.82,8130286.9,10671.336
2018-03-01 00:00:00+00:00,WY,3844916.285,1439579.6,475.889
2018-04-01 00:00:00+00:00,AZ,7273823.115,5705915.0,212334.461
2018-04-01 00:00:00+00:00,CA,14796208.137,18398869.0,1186934.18
2018-04-01 00:00:00+00:00,CO,4062171.884,4139018.7,55196.663
2018-04-01 00:00:00+00:00,ID,1583470.529,1688380.2,2785.682
2018-04-01 00:00:00+00:00,MT,2218630.521,1197749.3,1828.782
2018-04-01 00:00:00+00:00,NM,2547698.943,1773417.1,23536.452
2018-04-01 00:00:00+00:00,NV,2779666.803,2601998.8,44315.894
2018-04-01 00:00:00+00:00,OR,5325894.499,3907167.6,19333.075
2018-04-01 00:00:00+00:00,SD,961788.231,1008561.8,88.495
2018-04-01 00:00:00+00:00,TX,33448323.677,29027685.0,63062.466
2018-04-01 00:00:00+00:00,UT,2200350.123,2264631.0,35486.472
2018-04-01 00:00:00+00:00,WA,9981257.331,7153557.8,14706.006
2018-04-01 00:00:00+00:00,WY,3170025.754,1347466.4,569.893
2018-05-01 00:00:00+00:00,AZ,8717953.621,6614644.9,231402.866
2018-05-01 00:00:00+00:00,CA,15917374.361,19888752.0,1307160.161
2018-05-01 00:00:00+00:00,CO,4169611.259,4470545.8,58932.323
2018-05-01 00:00:00+00:00,ID,1471363.619,1916254.8,3290.295
2018-05-01 00:00:00+00:00,MT,1977572.237,1101420.5,2051.275
2018-05-01 00:00:00+00:00,NM,2579215.633,1971707.9,23911.534
2018-05-01 00:00:00+00:00,NV,3056511.932,3092236.8,49093.342
2018-05-01 00:00:00+00:00,OR,5187902.714,3727471.8,22869.361
2018-05-01 00:00:00+00:00,SD,1061434.516,961063.66,95.307
2018-05-01 00:00:00+00:00,TX,42412909.062,33788461.0,68633.223
2018-05-01 00:00:00+00:00,UT,2682543.104,2387366.2,39740.826
2018-05-01 00:00:00+00:00,WA,11289844.373,6955532.5,16522.433
2018-05-01 00:00:00+00:00,WY,2943359.621,1343147.9,647.109
2018-06-01 00:00:00+00:00,AZ,10143294.429,7859380.2,224274.089
2018-06-01 00:00:00+00:00,CA,17494117.905,21109726.0,1336965.462
2018-06-01 00:00:00+00:00,CO,4826553.889,4985716.0,60251.284
2018-06-01 00:00:00+00:00,ID,1585202.645,2218610.6,3520.053
2018-06-01 00:00:00+00:00,MT,2115306.814,1078816.8,2079.889
2018-06-01 00:00:00+00:00,NM,2854146.932,2216465.3,23342.458
2018-06-01 00:00:00+00:00,NV,3813309.43,3674279.4,51128.485
2018-06-01 00:00:00+00:00,OR,5242574.239,3837665.3,23830.18
2018-06-01 00:00:00+00:00,SD,1062990.003,1037146.5,96.855
2018-06-01 00:00:00+00:00,TX,45625071.022,40463327.0,70143.948
2018-06-01 00:00:00+00:00,UT,3049485.142,2791719.6,40011.275
2018-06-01 00:00:00+00:00,WA,11032515.731,6823080.9,17387.915
2018-06-01 00:00:00+00:00,WY,3559294.116,1340459.8,658.491
2018-07-01 00:00:00+00:00,AZ,12063685.204,9086489.2,211509.166
2018-07-01 00:00:00+00:00,CA,22323425.257,25354260.0,1358779.673
2018-07-01 00:00:00+00:00,CO,5472831.072,5550188.5,59935.211
2018-07-01 00:00:00+00:00,ID,1763017.467,2673688.6,3939.375
2018-07-01 00:00:00+00:00,MT,2021437.079,1216683.1,2354.459
2018-07-01 00:00:00+00:00,NM,3226963.974,2384778.5,22797.512
2018-07-01 00:00:00+00:00,NV,4553428.281,4424517.4,49070.878
2018-07-01 00:00:00+00:00,OR,5788274.117,4412217.8,27143.337
2018-07-01 00:00:00+00:00,SD,1339687.072,1116045.3,110.335
2018-07-01 00:00:00+00:00,TX,49366459.002,42850187.0,73699.324
2018-07-01 00:00:00+00:00,UT,4240975.671,3295706.1,41104.816
2018-07-01 00:00:00+00:00,WA,11038304.623,7405443.6,20006.931
2018-07-01 00:00:00+00:00,WY,4307592.605,1458872.1,701.161
2018-08-01 00:00:00+00:00,AZ,12297889.97,9054332.9,207065.213
2018-08-01 00:00:00+00:00,CA,20963289.282,29886332.0,1317571.276
2018-08-01 00:00:00+00:00,CO,5188198.94,5500231.3,56446.677
2018-08-01 00:00:00+00:00,ID,1666772.569,2365280.6,4009.28
2018-08-01 00:00:00+00:00,MT,2276927.96,1296905.7,2256.837
2018-08-01 00:00:00+00:00,NM,3169232.777,2362589.3,21927.716
2018-08-01 00:00:00+00:00,NV,4485362.977,4359270.0,49338.795
2018-08-01 00:00:00+00:00,OR,5365213.699,4369558.3,25150.464
2018-08-01 00:00:00+00:00,SD,924638.229,1130191.5,103.621
2018-08-01 00:00:00+00:00,TX,48675827.187,43876130.0,72514.719
2018-08-01 00:00:00+00:00,UT,4303246.643,3171017.5,39572.096
2018-08-01 00:00:00+00:00,WA,9980591.828,7299475.6,19111.873
2018-08-01 00:00:00+00:00,WY,4446114.399,1416840.9,667.356
2018-09-01 00:00:00+00:00,AZ,11380288.912,7872877.3,197954.438
2018-09-01 00:00:00+00:00,CA,17565465.699,20323083.0,1195313.113
2018-09-01 00:00:00+00:00,CO,4574859.285,4901667.9,52840.465
2018-09-01 00:00:00+00:00,ID,1529906.236,1862979.9,3742.176
2018-09-01 00:00:00+00:00,MT,2380926.614,1160894.2,1965.136
2018-09-01 00:00:00+00:00,NM,2908367.939,2119033.9,21235.801
2018-09-01 00:00:00+00:00,NV,3899074.795,3540458.3,46901.149
2018-09-01 00:00:00+00:00,OR,5011477.106,3717610.7,22185.794
2018-09-01 00:00:00+00:00,SD,811983.558,995363.42,91.267
2018-09-01 00:00:00+00:00,TX,40844801.934,39154255.0,63717.093
2018-09-01 00:00:00+00:00,UT,3452561.222,2750875.0,37271.08
2018-09-01 00:00:00+00:00,WA,8145003.261,6580215.9,16923.543
2018-09-01 00:00:00+00:00,WY,3791574.198,1315399.4,641.85
2018-10-01 00:00:00+00:00,AZ,9250705.338,5801700.3,182115.812
2018-10-01 00:00:00+00:00,CA,16836154.923,22425636.0,1092403.351
2018-10-01 00:00:00+00:00,CO,4251843.098,4469044.4,45916.077
2018-10-01 00:00:00+00:00,ID,1217093.38,1661481.4,3388.086
2018-10-01 00:00:00+00:00,MT,2542631.487,1157826.2,1581.396
2018-10-01 00:00:00+00:00,NM,2749159.708,1920901.1,20287.351
2018-10-01 00:00:00+00:00,NV,3031918.884,2819167.1,43017.885
2018-10-01 00:00:00+00:00,OR,4157276.944,3870356.4,15812.695
2018-10-01 00:00:00+00:00,SD,1011549.666,969376.96,74.127
2018-10-01 00:00:00+00:00,TX,37220871.289,35643888.0,59021.792
2018-10-01 00:00:00+00:00,UT,3365760.103,2481921.0,34474.898
2018-10-01 00:00:00+00:00,WA,7381420.843,7051398.1,10983.322
2018-10-01 00:00:00+00:00,WY,3864776.371,1319496.7,566.478
2018-11-01 00:00:00+00:00,AZ,8044867.48,5133583.4,167675.949
2018-11-01 00:00:00+00:00,CA,14580986.697,18320422.0,864120.153
2018-11-01 00:00:00+00:00,CO,4491514.524,4436616.6,39299.562
2018-11-01 00:00:00+00:00,ID,1446621.74,1782005.3,2270.927
2018-11-01 00:00:00+00:00,MT,2567848.523,1250530.1,1046.385
2018-11-01 00:00:00+00:00,NM,3158378.888,1858662.6,18999.748
2018-11-01 00:00:00+00:00,NV,2854448.84,2674407.8,36117.022
2018-11-01 00:00:00+00:00,OR,5016557.273,4048357.7,8380.371
2018-11-01 00:00:00+00:00,SD,1202407.183,1030179.0,58.151
2018-11-01 00:00:00+00:00,TX,35399611.077,30159454.0,53073.548
2018-11-01 00:00:00+00:00,UT,3630071.375,2399210.5,27727.58
2018-11-01 00:00:00+00:00,WA,7864499.436,7456469.9,5634.99
2018-11-01 00:00:00+00:00,WY,3978164.794,1419203.5,424.542
2018-12-01 00:00:00+00:00,AZ,9367345.172,5622109.3,149632.003
2018-12-01 00:00:00+00:00,CA,14339454.113,19680616.0,779940.23
2018-12-01 00:00:00+00:00,CO,5090344.035,4692935.1,36886.855
2018-12-01 00:00:00+00:00,ID,1485928.458,2061942.2,1681.019
2018-12-01 00:00:00+00:00,MT,2427684.442,1381866.3,919.933
2018-12-01 00:00:00+00:00,NM,3228333.442,1993726.3,18008.509
2018-12-01 00:00:00+00:00,NV,2929684.562,2864828.5,32615.827
2018-12-01 00:00:00+00:00,OR,5432148.333,4603570.4,6944.927
2018-12-01 00:00:00+00:00,SD,1291761.321,1149164.7,49.24
2018-12-01 00:00:00+00:00,TX,36877825.644,31951550.0,51739.278
2018-12-01 00:00:00+00:00,UT,4032186.63,2614445.8,23375.829
2018-12-01 00:00:00+00:00,WA,8404096.357,8426919.2,5080.722
2018-12-01 00:00:00+00:00,WY,4381107.529,1539573.8,364.32
2019-01-01 00:00:00+00:00,AZ,9031897.589,5781567.5,160022.318
2019-01-01 00:00:00+00:00,CA,14086451.279,21107560.0,813830.99
2019-01-01 00:00:00+00:00,CO,5053031.014,4731517.7,38047.943
2019-01-01 00:00:00+00:00,ID,1544186.105,2039594.8,1844.268
2019-01-01 00:00:00+00:00,MT,2571145.103,1415265.0,1051.338
2019-01-01 00:00:00+00:00,NM,2917507.487,2055682.4,19356.397
2019-01-01 00:00:00+00:00,NV,3091198.844,2760889.0,35407.613
2019-01-01 00:00:00+00:00,OR,5587074.461,4693121.4,7999.288
2019-01-01 00:00:00+00:00,SD,1404300.329,1196390.7,59.363
2019-01-01 00:00:00+00:00,TX,38718004.923,34165018.0,57688.041
2019-01-01 00:00:00+00:00,UT,3732185.555,2590293.9,25161.584
2019-01-01 00:00:00+00:00,WA,9441840.222,9016478.2,6601.757
2019-01-01 00:00:00+00:00,WY,4143631.611,1549938.6,433.739
2019-02-01 00:00:00+00:00,AZ,8419306.937,5288116.3,159022.78
2019-02-01 00:00:00+00:00,CA,14189493.158,17808230.0,855423.524
2019-02-01 00:00:00+00:00,CO,4594693.438,4256602.1,39177.426
2019-02-01 00:00:00+00:00,ID,1533235.953,1861850.0,2608.904
2019-02-01 00:00:00+00:00,MT,2389591.065,1417780.4,1343.713
2019-02-01 00:00:00+00:00,NM,3018870.556,1818732.0,19547.155
2019-02-01 00:00:00+00:00,NV,2944402.989,2562394.8,37289.346
2019-02-01 00:00:00+00:00,OR,5104311.648,4473390.8,11593.091
2019-02-01 00:00:00+00:00,SD,1057816.248,1192822.6,68.305
2019-02-01 00:00:00+00:00,TX,33959893.49,30997096.0,57965.296
2019-02-01 00:00:00+00:00,UT,3501956.518,2373694.6,26058.549
2019-02-01 00:00:00+00:00,WA,7970307.177,8345425.4,11255.886
2019-02-01 00:00:00+00:00,WY,3933853.077,1410654.2,498.015
2019-03-01 00:00:00+00:00,AZ,8706954.909,5239305.7,220449.867
2019-03-01 00:00:00+00:00,CA,16512369.567,19565463.0,1248971.292
2019-03-01 00:00:00+00:00,CO,4553081.961,4565286.3,54106.792
2019-03-01 00:00:00+00:00,ID,1466657.289,1838688.3,4192.936
2019-03-01 00:00:00+00:00,MT,2580503.211,1406840.1,1913.021
2019-03-01 00:00:00+00:00,NM,2186487.278,1872516.4,25048.677
2019-03-01 00:00:00+00:00,NV,2958071.624,2670989.9,55332.632
2019-03-01 00:00:00+00:00,OR,5645695.683,4368775.2,17810.582
2019-03-01 00:00:00+00:00,SD,1534286.378,1165585.0,94.539
2019-03-01 00:00:00+00:00,TX,35387134.903,31368333.0,76477.053
2019-03-01 00:00:00+00:00,UT,3184979.774,2376024.2,38187.455
2019-03-01 00:00:00+00:00,WA,8222528.191,8531687.1,15186.808
2019-03-01 00:00:00+00:00,WY,3602364.846,1481896.2,709.636
2019-04-01 00:00:00+00:00,AZ,7693567.775,5437793.1,242935.758
2019-04-01 00:00:00+00:00,CA,16177470.522,17833062.0,1401687.014
2019-04-01 00:00:00+00:00,CO,4163343.192,4184122.6,58275.187
2019-04-01 00:00:00+00:00,ID,1435334.833,1683733.6,5065.584
2019-04-01 00:00:00+00:00,MT,2007748.72,1187054.0,2247.323
2019-04-01 00:00:00+00:00,NM,2544187.437,1840273.5,26637.79
2019-04-01 00:00:00+00:00,NV,2761338.751,2633105.5,60596.166
2019-04-01 00:00:00+00:00,OR,5109499.687,3858122.0,22011.336
2019-04-01 00:00:00+00:00,SD,1426270.75,996434.16,110.462
2019-04-01 00:00:00+00:00,TX,33426249.773,29383124.0,87327.16
2019-04-01 00:00:00+00:00,UT,2253976.399,2289691.0,41420.189
2019-04-01 00:00:00+00:00,WA,8351192.746,7213808.3,20637.461
2019-04-01 00:00:00+00:00,WY,2922522.937,1355943.8,827.456
2019-05-01 00:00:00+00:00,AZ,8415838.617,5822498.3,267418.893
2019-05-01 00:00:00+00:00,CA,16229604.009,20217635.0,1524912.962
2019-05-01 00:00:00+00:00,CO,4142318.324,4408913.8,63106.946
2019-05-01 00:00:00+00:00,ID,1426982.85,1844558.5,5888.466
2019-05-01 00:00:00+00:00,MT,1752405.744,1126627.6,2540.397
2019-05-01 00:00:00+00:00,NM,2498453.788,1908559.4,28691.812
2019-05-01 00:00:00+00:00,NV,2855832.949,2785201.0,67347.341
2019-05-01 00:00:00+00:00,OR,4597233.23,3797277.5,25310.433
2019-05-01 00:00:00+00:00,SD,1444699.405,943620.07,122.975
2019-05-01 00:00:00+00:00,TX,40326460.935,33697793.0,94789.571
2019-05-01 00:00:00+00:00,UT,2758186.495,2356840.7,46070.117
2019-05-01 00:00:00+00:00,WA,9779766.271,6870976.4,23156.553
2019-05-01 00:00:00+00:00,WY,2470875.05,1337222.1,904.692
2019-06-01 00:00:00+00:00,AZ,10205097.044,7512258.9,259679.605
2019-06-01 00:00:00+00:00,CA,17906448.705,19458265.0,1559936.298
2019-06-01 00:00:00+00:00,CO,4234304.684,4593515.3,65403.984
2019-06-01 00:00:00+00:00,ID,1528903.588,2173470.1,6153.383
2019-06-01 00:00:00+00:00,MT,2048647.989,1159438.6,2587.275
2019-06-01 00:00:00+00:00,NM,2956157.515,2094492.8,28201.199
2019-06-01 00:00:00+00:00,NV,3596898.147,3650324.2,69428.931
2019-06-01 00:00:00+00:00,OR,5087916.571,3868003.6,26676.211
2019-06-01 00:00:00+00:00,SD,1331842.562,987343.72,125.235
2019-06-01 00:00:00+00:00,TX,43503626.695,38347130.0,97853.78
2019-06-01 00:00:00+00:00,UT,2924097.824,2591561.3,46564.027
2019-06-01 00:00:00+00:00,WA,9263464.406,6702368.0,23949.023
2019-06-01 00:00:00+00:00,WY,3050239.435,1325149.6,952.164
2019-07-01 00:00:00+00:00,AZ,12143442.552,9107028.4,246190.229
2019-07-01 00:00:00+00:00,CA,20867871.787,24800782.0,1625912.284
2019-07-01 00:00:00+00:00,CO,5300731.228,5479725.5,66147.666
2019-07-01 00:00:00+00:00,ID,1876545.793,2581259.3,6835.589
2019-07-01 00:00:00+00:00,MT,2604492.929,1239187.3,2955.189
2019-07-01 00:00:00+00:00,NM,3410132.716,2442757.1,27650.749
2019-07-01 00:00:00+00:00,NV,4239073.256,4128087.2,69823.19
2019-07-01 00:00:00+00:00,OR,5476178.028,4208973.8,29455.912
2019-07-01 00:00:00+00:00,SD,1110282.715,1113434.5,134.209
2019-07-01 00:00:00+00:00,TX,48791248.329,43075447.0,103221.844
2019-07-01 00:00:00+00:00,UT,3688352.8,3150033.7,47684.782
2019-07-01 00:00:00+00:00,WA,9932144.196,7155554.0,27165.395
2019-07-01 00:00:00+00:00,WY,3762725.501,1386951.8,1011.297
2019-08-01 00:00:00+00:00,AZ,12350561.774,9353411.7,239170.02
2019-08-01 00:00:00+00:00,CA,21718239.407,26016970.0,1575171.849
2019-08-01 00:00:00+00:00,CO,5368707.079,5672632.9,62645.702
2019-08-01 00:00:00+00:00,ID,1815183.637,2463841.0,6863.519
2019-08-01 00:00:00+00:00,MT,2777312.41,1294831.7,2825.028
2019-08-01 00:00:00+00:00,NM,3618962.978,2515180.1,27172.105
2019-08-01 00:00:00+00:00,NV,4455111.479,4272348.6,69720.457
2019-08-01 00:00:00+00:00,OR,5473032.448,4340729.9,27680.494
2019-08-01 00:00:00+00:00,SD,900916.446,1089946.3,132.326
2019-08-01 00:00:00+00:00,TX,51051650.244,44914773.0,101426.645
2019-08-01 00:00:00+00:00,UT,3790270.279,3167057.4,46187.225
2019-08-01 00:00:00+00:00,WA,9966254.722,7319914.4,25850.469
2019-08-01 00:00:00+00:00,WY,3857921.341,1351124.6,982.403
2019-09-01 00:00:00+00:00,AZ,10857841.657,7656927.2,222483.906
2019-09-01 00:00:00+00:00,CA,18215679.835,22952428.0,1397827.827
2019-09-01 00:00:00+00:00,CO,4680141.077,4895746.1,58641.831
2019-09-01 00:00:00+00:00,ID,1578017.845,1869076.4,6333.938
2019-09-01 00:00:00+00:00,MT,2499022.563,1186500.6,2499.027
2019-09-01 00:00:00+00:00,NM,3217995.362,2298751.8,26273.999
2019-09-01 00:00:00+00:00,NV,3702512.254,3498377.1,63371.807
2019-09-01 00:00:00+00:00,OR,5073758.554,3806062.5,23601.66
2019-09-01 00:00:00+00:00,SD,974440.444,1006476.5,117.672
2019-09-01 00:00:00+00:00,TX,45713362.019,42282997.0,90638.198
2019-09-01 00:00:00+00:00,UT,3254738.354,2686260.7,43037.187
2019-09-01 00:00:00+00:00,WA,7915378.085,6637622.7,22333.078
2019-09-01 00:00:00+00:00,WY,3698747.241,1339296.3,924.125
2019-10-01 00:00:00+00:00,AZ,9142590.162,5977180.5,213715.707
2019-10-01 00:00:00+00:00,CA,16396209.99,22118004.0,1278473.432
2019-10-01 00:00:00+00:00,CO,4525694.498,4565625.7,50092.635
2019-10-01 00:00:00+00:00,ID,1327271.955,1782122.6,5724.26
2019-10-01 00:00:00+00:00,MT,2074918.561,1211403.4,2008.536
2019-10-01 00:00:00+00:00,NM,3013240.713,2015674.0,25958.229
2019-10-01 00:00:00+00:00,NV,3210112.327,2666852.0,62543.181
2019-10-01 00:00:00+00:00,OR,4671846.494,4078944.9,17685.995
2019-10-01 00:00:00+00:00,SD,982983.362,994556.53,96.132
2019-10-01 00:00:00+00:00,TX,38319239.39,38655177.0,85150.625
2019-10-01 00:00:00+00:00,UT,3064634.776,2537524.0,40251.273
2019-10-01 00:00:00+00:00,WA,7695635.217,7305819.1,14658.216
2019-10-01 00:00:00+00:00,WY,3402625.72,1301236.0,826.599
2019-11-01 00:00:00+00:00,AZ,7538765.806,5117424.2,175534.389
2019-11-01 00:00:00+00:00,CA,14294515.871,17072515.0,993205.15
2019-11-01 00:00:00+00:00,CO,4710088.156,4416771.5,40453.141
2019-11-01 00:00:00+00:00,ID,1464327.249,1788556.1,3798.139
2019-11-01 00:00:00+00:00,MT,2367653.574,1278082.2,1328.893
2019-11-01 00:00:00+00:00,NM,2827209.741,1948235.0,23347.459
2019-11-01 00:00:00+00:00,NV,2963483.574,2546848.9,48515.661
2019-11-01 00:00:00+00:00,OR,4939614.37,4205467.7,9273.062
2019-11-01 00:00:00+00:00,SD,1120237.206,1039461.5,76.325
2019-11-01 00:00:00+00:00,TX,36010303.969,30308577.0,74034.591
2019-11-01 00:00:00+00:00,UT,3262856.239,2412783.3,31986.866
2019-11-01 00:00:00+00:00,WA,8708252.155,7338502.9,7376.377
2019-11-01 00:00:00+00:00,WY,3399694.951,1416283.1,618.153
2019-12-01 00:00:00+00:00,AZ,8988126.562,5635658.2,164953.281
2019-12-01 00:00:00+00:00,CA,14661608.421,21427797.0,886153.609
2019-12-01 00:00:00+00:00,CO,5002846.703,4750363.6,37336.424
2019-12-01 00:00:00+00:00,ID,1394861.888,2058524.3,2825.627
2019-12-01 00:00:00+00:00,MT,2123832.157,1398260.1,1179.535
2019-12-01 00:00:00+00:00,NM,2943405.973,2069279.7,22750.142
2019-12-01 00:00:00+00:00,NV,3072172.625,2806967.7,41121.721
2019-12-01 00:00:00+00:00,OR,5490416.826,4705516.9,7500.694
2019-12-01 00:00:00+00:00,SD,1206435.167,1142859.6,66.877
2019-12-01 00:00:00+00:00,TX,37943518.053,32147938.0,74394.161
2019-12-01 00:00:00+00:00,UT,3700798.385,2610800.3,26998.528
2019-12-01 00:00:00+00:00,WA,9217500.602,8614639.4,6562.046
2019-12-01 00:00:00+00:00,WY,3900454.645,1507799.7,522.547
2020-01-01 00:00:00+00:00,AZ,8551135.924,5769428.8,186772.011
2020-01-01 00:00:00+00:00,CA,13897357.623,20562247.0,958560.689
2020-01-01 00:00:00+00:00,CO,4884912.097,4706332.7,41561.767
2020-01-01 00:00:00+00:00,ID,1511289.231,2036800.7,3076.742
2020-01-01 00:00:00+00:00,MT,2162171.622,1377907.8,1339.064
2020-01-01 00:00:00+00:00,NM,3160957.244,2095710.8,24739.976
2020-01-01 00:00:00+00:00,NV,3086087.329,2817028.6,50067.1
2020-01-01 00:00:00+00:00,OR,6044915.78,4677117.6,8890.63
2020-01-01 00:00:00+00:00,SD,1376879.909,1223844.5,84.519
2020-01-01 00:00:00+00:00,TX,37449091.719,33160980.0,92675.632
2020-01-01 00:00:00+00:00,UT,3179559.007,2628694.2,29322.742
2020-01-01 00:00:00+00:00,WA,10311732.42,8772222.0,8244.516
2020-01-01 00:00:00+00:00,WY,3585026.078,1480849.0,623.371
2020-02-01 00:00:00+00:00,AZ,7538730.795,5238418.3,198514.519
2020-02-01 00:00:00+00:00,CA,13113527.902,16783771.0,1073746.394
2020-02-01 00:00:00+00:00,CO,4588994.217,4382150.3,41609.865
2020-02-01 00:00:00+00:00,ID,1534960.389,1899487.7,4400.719
2020-02-01 00:00:00+00:00,MT,2058293.898,1304594.3,1779.462
2020-02-01 00:00:00+00:00,NM,2658462.218,1921160.5,24949.612
2020-02-01 00:00:00+00:00,NV,2905183.598,2575567.0,55228.949
2020-02-01 00:00:00+00:00,OR,6155104.98,4419317.1,14371.323
2020-02-01 00:00:00+00:00,SD,1343462.621,1117909.1,98.367
2020-02-01 00:00:00+00:00,TX,35742631.637,31833686.0,99215.769
2020-02-01 00:00:00+00:00,UT,2772911.195,2388663.2,31824.491
2020-02-01 00:00:00+00:00,WA,10281093.662,8042698.4,14549.026
2020-02-01 00:00:00+00:00,WY,3275257.998,1450336.5,729.396
2020-03-01 00:00:00+00:00,AZ,7135846.57,5172092.4,243219.961
2020-03-01 00:00:00+00:00,CA,14505284.935,19334996.0,1418107.936
2020-03-01 00:00:00+00:00,CO,4392342.941,4429543.5,57265.163
2020-03-01 00:00:00+00:00,ID,1486639.2,1783165.8,6712.551
2020-03-01 00:00:00+00:00,MT,2053648.994,1282302.0,2450.858
2020-03-01 00:00:00+00:00,NM,2584514.719,1919363.0,30163.524
2020-03-01 00:00:00+00:00,NV,3138008.161,2723933.4,71232.064
2020-03-01 00:00:00+00:00,OR,5942564.215,4433990.9,19824.375
2020-03-01 00:00:00+00:00,SD,1317550.036,1085913.5,131.584
2020-03-01 00:00:00+00:00,TX,35130022.018,32370831.0,120712.989
2020-03-01 00:00:00+00:00,UT,2510935.181,2420266.3,44910.029
2020-03-01 00:00:00+00:00,WA,9334188.394,8057491.0,18787.014
2020-03-01 00:00:00+00:00,WY,3458323.478,1384776.4,1001.598
2020-04-01 00:00:00+00:00,AZ,7086273.62,5391696.6,277346.295
2020-04-01 00:00:00+00:00,CA,13977139.479,16963480.0,1576314.164
2020-04-01 00:00:00+00:00,CO,4027557.939,3972532.0,61904.969
2020-04-01 00:00:00+00:00,ID,1403929.854,1729814.5,7994.756
2020-04-01 00:00:00+00:00,MT,2163912.81,1225347.0,2876.783
2020-04-01 00:00:00+00:00,NM,2511341.616,1747043.9,32697.433
2020-04-01 00:00:00+00:00,NV,2933585.181,2503862.5,77948.018
2020-04-01 00:00:00+00:00,OR,4767457.421,3852912.8,24727.981
2020-04-01 00:00:00+00:00,SD,1365954.112,957695.27,154.213
2020-04-01 00:00:00+00:00,TX,33610811.867,30237030.0,139803.402
2020-04-01 00:00:00+00:00,UT,2080140.209,2197475.0,49013.835
2020-04-01 00:00:00+00:00,WA,8127891.617,7019992.7,25335.592
2020-04-01 00:00:00+00:00,WY,2963180.49,1206039.3,1165.983
2020-05-01 00:00:00+00:00,AZ,9353350.505,7075001.2,297480.963
2020-05-01 00:00:00+00:00,CA,15400252.525,18956694.0,1783536.162
2020-05-01 00:00:00+00:00,CO,4044742.363,4417230.5,70886.962
2020-05-01 00:00:00+00:00,ID,1387530.12,1950230.8,9052.191
2020-05-01 00:00:00+00:00,MT,1687058.076,1065414.6,3239.981
2020-05-01 00:00:00+00:00,NM,2542738.531,1959446.1,34907.037
2020-05-01 00:00:00+00:00,NV,3150693.994,3049628.7,88067.059
2020-05-01 00:00:00+00:00,OR,4560277.434,3802678.9,28316.636
2020-05-01 00:00:00+00:00,SD,1033694.302,880885.08,166.932
2020-05-01 00:00:00+00:00,TX,38520671.384,32043435.0,152177.881
2020-05-01 00:00:00+00:00,UT,2423816.578,2401779.2,54496.62
2020-05-01 00:00:00+00:00,WA,10670333.546,6312479.9,28067.663
2020-05-01 00:00:00+00:00,WY,2949718.551,1120792.1,1321.291
2020-06-01 00:00:00+00:00,AZ,9954298.052,7869866.4,287457.053
2020-06-01 00:00:00+00:00,CA,17162637.178,21459871.0,1788032.078
2020-06-01 00:00:00+00:00,CO,4545744.815,4760235.5,70790.48
2020-06-01 00:00:00+00:00,ID,1334631.029,2215274.2,9325.719
2020-06-01 00:00:00+00:00,MT,1637172.597,1146190.9,3820.403
2020-06-01 00:00:00+00:00,NM,3051482.857,2122327.2,34114.694
2020-06-01 00:00:00+00:00,NV,3620242.652,3564581.3,87687.496
2020-06-01 00:00:00+00:00,OR,4825516.366,3852821.9,29673.374
2020-06-01 00:00:00+00:00,SD,1204009.494,1003386.4,167.726
2020-06-01 00:00:00+00:00,TX,43623659.746,38159282.0,156415.269
2020-06-01 00:00:00+00:00,UT,2816485.913,2623858.1,55064.44
2020-06-01 00:00:00+00:00,WA,10347212.424,6451667.8,28947.925
2020-06-01 00:00:00+00:00,WY,3070136.159,1138493.1,1353.372
2020-07-01 00:00:00+00:00,AZ,11417878.315,9559073.8,269769.186
2020-07-01 00:00:00+00:00,CA,20097447.45,26098320.0,1854470.37
2020-07-01 00:00:00+00:00,CO,5074099.167,5526283.4,70416.211
2020-07-01 00:00:00+00:00,ID,1585367.959,2579322.3,10128.78
2020-07-01 00:00:00+00:00,MT,2029079.773,1209511.5,4320.115
2020-07-01 00:00:00+00:00,NM,3449549.153,2449605.8,33179.062
2020-07-01 00:00:00+00:00,NV,4196750.16,4351985.7,88572.622
2020-07-01 00:00:00+00:00,OR,5658158.461,4399677.3,33453.253
2020-07-01 00:00:00+00:00,SD,1178961.91,1160686.8,179.498
2020-07-01 00:00:00+00:00,TX,49678890.448,44005789.0,163696.54
2020-07-01 00:00:00+00:00,UT,3378973.156,3195443.4,56521.443
2020-07-01 00:00:00+00:00,WA,10866005.036,6877428.0,33067.338
2020-07-01 00:00:00+00:00,WY,3909906.356,1250728.6,1422.548
2020-08-01 00:00:00+00:00,AZ,11732514.655,9843022.5,261493.818
2020-08-01 00:00:00+00:00,CA,21900274.35,24001906.0,1765316.752
2020-08-01 00:00:00+00:00,CO,5231410.512,5567124.0,67572.13
2020-08-01 00:00:00+00:00,ID,1703155.394,2510527.2,9931.797
2020-08-01 00:00:00+00:00,MT,2239570.099,1257733.7,4117.06
2020-08-01 00:00:00+00:00,NM,3442966.664,2478582.3,32232.664
2020-08-01 00:00:00+00:00,NV,4413690.414,4458305.5,85117.995
2020-08-01 00:00:00+00:00,OR,5676078.77,4473884.4,32269.089
2020-08-01 00:00:00+00:00,SD,1116356.217,1166553.4,174.547
2020-08-01 00:00:00+00:00,TX,49271825.102,43718742.0,163045.643
2020-08-01 00:00:00+00:00,UT,4073063.895,3380841.4,54788.633
2020-08-01 00:00:00+00:00,WA,9884228.893,6901603.1,31399.44
2020-08-01 00:00:00+00:00,WY,3753537.449,1275620.7,1377.776
2020-09-01 00:00:00+00:00,AZ,10436912.26,8003825.9,245903.987
2020-09-01 00:00:00+00:00,CA,17978768.018,23975364.0,1566430.246
2020-09-01 00:00:00+00:00,CO,4361342.578,4784252.3,63498.908
2020-09-01 00:00:00+00:00,ID,1395531.189,1969803.0,9148.542
2020-09-01 00:00:00+00:00,MT,1642842.048,1131242.1,3576.006
2020-09-01 00:00:00+00:00,NM,3254676.923,2170128.2,31052.785
2020-09-01 00:00:00+00:00,NV,3886714.674,3664848.9,75530.656
2020-09-01 00:00:00+00:00,OR,5000460.092,3950047.7,26733.479
2020-09-01 00:00:00+00:00,SD,857779.689,1005577.4,153.895
2020-09-01 00:00:00+00:00,TX,40332710.536,39782779.0,145152.238
2020-09-01 00:00:00+00:00,UT,3687299.139,2728826.5,51017.738
2020-09-01 00:00:00+00:00,WA,8547160.157,6295497.8,27080.524
2020-09-01 00:00:00+00:00,WY,3198853.513,1146968.6,1269.249
2020-10-01 00:00:00+00:00,AZ,9586895.613,6801565.7,236007.416
2020-10-01 00:00:00+00:00,CA,16704937.297,23587976.0,1427989.15
2020-10-01 00:00:00+00:00,CO,4145941.348,4526367.3,59114.082
2020-10-01 00:00:00+00:00,ID,1344811.611,1778508.9,8090.825
2020-10-01 00:00:00+00:00,MT,1607602.918,1102941.0,2879.331
2020-10-01 00:00:00+00:00,NM,2304524.183,2019722.8,30600.116
2020-10-01 00:00:00+00:00,NV,3488987.831,3051284.3,73902.327
2020-10-01 00:00:00+00:00,OR,4855826.751,3998805.2,19872.083
2020-10-01 00:00:00+00:00,SD,932540.57,977186.44,129.787
2020-10-01 00:00:00+00:00,TX,38380024.203,36093953.0,137321.324
2020-10-01 00:00:00+00:00,UT,3498594.518,2555153.5,48196.178
2020-10-01 00:00:00+00:00,WA,8622848.896,6628125.3,17707.51
2020-10-01 00:00:00+00:00,WY,3651078.306,1245053.8,1138.635
2020-11-01 00:00:00+00:00,AZ,7699540.069,5460700.4,206571.3
2020-11-01 00:00:00+00:00,CA,13986550.132,16723704.0,1157807.229
2020-11-01 00:00:00+00:00,CO,4179055.632,4266646.8,51111.637
2020-11-01 00:00:00+00:00,ID,1522569.669,1844845.7,5378.563
2020-11-01 00:00:00+00:00,MT,1885185.627,1166774.6,1889.16
2020-11-01 00:00:00+00:00,NM,2282646.248,1858748.4,28169.439
2020-11-01 00:00:00+00:00,NV,2609703.733,2638279.1,61915.615
2020-11-01 00:00:00+00:00,OR,4958471.782,4327367.7,10300.756
2020-11-01 00:00:00+00:00,SD,1152904.413,997183.95,101.028
2020-11-01 00:00:00+00:00,TX,34052577.946,30971483.0,121669.214
2020-11-01 00:00:00+00:00,UT,3191850.524,2476605.8,38674.856
2020-11-01 00:00:00+00:00,WA,9123792.431,7057454.5,8909.715
2020-11-01 00:00:00+00:00,WY,3962406.701,1249181.2,867.211
2020-12-01 00:00:00+00:00,AZ,8814640.134,5775382.1,201511.77
2020-12-01 00:00:00+00:00,CA,14386980.94,21726344.0,1036984.282
2020-12-01 00:00:00+00:00,CO,4836156.682,4711565.7,44953.411
2020-12-01 00:00:00+00:00,ID,1475719.841,2163571.2,3892.738
2020-12-01 00:00:00+00:00,MT,2187289.85,1314219.5,1551.502
2020-12-01 00:00:00+00:00,NM,2832486.111,2035315.9,28397.926
2020-12-01 00:00:00+00:00,NV,3003750.483,2834594.0,57070.627
2020-12-01 00:00:00+00:00,OR,5180334.938,4830691.7,8894.128
2020-12-01 00:00:00+00:00,SD,1266856.193,1119023.4,72.949
2020-12-01 00:00:00+00:00,TX,37748396.619,34485276.0,122310.958
2020-12-01 00:00:00+00:00,UT,3473679.555,2665550.4,32318.964
2020-12-01 00:00:00+00:00,WA,9998530.481,8289483.7,7837.541
2020-12-01 00:00:00+00:00,WY,4233564.37,1382178.7,690.4
2021-01-01 00:00:00+00:00,AZ,8670956.323,5855958.0,215784.548
2021-01-01 00:00:00+00:00,CA,13167685.376,18579709.0,1098447.454
2021-01-01 00:00:00+00:00,CO,4850359.633,4643652.9,52534.567
2021-01-01 00:00:00+00:00,ID,1412218.344,2095489.8,4211.949
2021-01-01 00:00:00+00:00,MT,2283452.498,1362314.4,1858.413
2021-01-01 00:00:00+00:00,NM,3120152.51,2053110.1,30731.317
2021-01-01 00:00:00+00:00,NV,3042487.893,2800836.2,61737.4
2021-01-01 00:00:00+00:00,OR,5642627.144,4783288.4,10525.577
2021-01-01 00:00:00+00:00,SD,1448054.175,1148472.5,98.03
2021-01-01 00:00:00+00:00,TX,38353563.694,35518281.0,134242.687
2021-01-01 00:00:00+00:00,UT,3137093.719,2676918.8,35453.241
2021-01-01 00:00:00+00:00,WA,10793218.52,8106346.8,9905.311
2021-01-01 00:00:00+00:00,WY,3882973.383,1376168.1,875.757
2021-02-01 00:00:00+00:00,AZ,6926655.106,5005460.9,223420.779
2021-02-01 00:00:00+00:00,CA,12543085.65,16063971.0,1174565.346
2021-02-01 00:00:00+00:00,CO,4567939.789,4294839.9,53830.298
2021-02-01 00:00:00+00:00,ID,1401066.603,1899245.9,5792.797
2021-02-01 00:00:00+00:00,MT,1919186.702,1367915.9,2378.988
2021-02-01 00:00:00+00:00,NM,2401859.057,1850920.3,30654.555
2021-02-01 00:00:00+00:00,NV,2714758.608,2440549.4,66040.69
2021-02-01 00:00:00+00:00,OR,5570307.551,4504204.9,15641.17
2021-02-01 00:00:00+00:00,SD,1346740.325,1162035.7,109.994
2021-02-01 00:00:00+00:00,TX,34896113.453,29819319.0,135259.968
2021-02-01 00:00:00+00:00,UT,3233934.45,2366168.7,37142.092
2021-02-01 00:00:00+00:00,WA,9633741.174,7994962.1,16817.618
2021-02-01 00:00:00+00:00,WY,3447118.501,1333069.2,982.768
2021-03-01 00:00:00+00:00,AZ,8021902.967,5390503.5,287346.181
2021-03-01 00:00:00+00:00,CA,14097259.613,21151142.0,1658680.332
2021-03-01 00:00:00+00:00,CO,4631850.718,4457212.1,71280.424
2021-03-01 00:00:00+00:00,ID,1599754.515,1846089.0,9031.498
2021-03-01 00:00:00+00:00,MT,2452622.233,1291637.6,3404.712
2021-03-01 00:00:00+00:00,NM,2638144.999,1902808.2,38853.735
2021-03-01 00:00:00+00:00,NV,3024295.457,2644868.2,89621.351
2021-03-01 00:00:00+00:00,OR,5350755.092,4628563.3,22586.933
2021-03-01 00:00:00+00:00,SD,1382472.047,1084132.3,150.87
2021-03-01 00:00:00+00:00,TX,33661765.818,31074095.0,175588.402
2021-03-01 00:00:00+00:00,UT,3129145.873,2449614.0,54821.715
2021-03-01 00:00:00+00:00,WA,8932296.227,8155550.9,22804.245
2021-03-01 00:00:00+00:00,WY,3474911.219,1348463.3,1392.482
2021-04-01 00:00:00+00:00,AZ,8101751.884,5782418.2,317964.101
2021-04-01 00:00:00+00:00,CA,15069014.335,15304451.0,1851728.82
2021-04-01 00:00:00+00:00,CO,4269084.68,4236407.6,79125.855
2021-04-01 00:00:00+00:00,ID,1502077.953,1856211.4,10725.826
2021-04-01 00:00:00+00:00,MT,1849827.179,1190597.2,4006.517
2021-04-01 00:00:00+00:00,NM,2307808.936,1866862.1,41347.883
2021-04-01 00:00:00+00:00,NV,3190018.951,2703569.2,98013.182
2021-04-01 00:00:00+00:00,OR,4592811.681,4125725.6,29425.407
2021-04-01 00:00:00+00:00,SD,1438853.38,986044.33,174.588
2021-04-01 00:00:00+00:00,TX,34883455.908,31813373.0,198477.905
2021-04-01 00:00:00+00:00,UT,2703847.42,2308891.3,59404.887
2021-04-01 00:00:00+00:00,WA,7728185.164,7005745.9,31058.456
2021-04-01 00:00:00+00:00,WY,3095207.799,1246145.3,1606.289
2021-05-01 00:00:00+00:00,AZ,8893556.391,6841874.2,346458.243
2021-05-01 00:00:00+00:00,CA,16711258.341,18604994.0,2042263.948
2021-05-01 00:00:00+00:00,CO,4201957.394,4426350.4,85784.402
2021-05-01 00:00:00+00:00,ID,1588596.827,2047615.1,12119.107
2021-05-01 00:00:00+00:00,MT,1863243.221,1103197.8,4446.466
2021-05-01 00:00:00+00:00,NM,2685539.498,2014574.0,44270.298
2021-05-01 00:00:00+00:00,NV,3294602.285,3193207.2,108504.457
2021-05-01 00:00:00+00:00,OR,4323222.237,4151967.7,33193.102
2021-05-01 00:00:00+00:00,SD,1389607.26,946469.66,189.041
2021-05-01 00:00:00+00:00,TX,39137717.222,33287942.0,213859.749
2021-05-01 00:00:00+00:00,UT,3254840.659,2542775.1,66102.945
2021-05-01 00:00:00+00:00,WA,8495908.178,6477799.2,34566.427
2021-05-01 00:00:00+00:00,WY,3207675.243,1238402.7,1793.955
2021-06-01 00:00:00+00:00,AZ,10656740.311,8774780.9,331474.128
2021-06-01 00:00:00+00:00,CA,18964905.514,22391081.0,2054182.313
2021-06-01 00:00:00+00:00,CO,5016832.564,4976110.1,116295.036
2021-06-01 00:00:00+00:00,ID,1472958.542,2679488.7,12510.256
2021-06-01 00:00:00+00:00,MT,1850619.142,1220199.1,4524.719
2021-06-01 00:00:00+00:00,NM,3321650.36,2312043.1,43550.237
2021-06-01 00:00:00+00:00,NV,4236257.015,4075649.3,106197.416
2021-06-01 00:00:00+00:00,OR,5058067.768,4540097.5,35103.114
2021-06-01 00:00:00+00:00,SD,1538675.267,1097744.3,195.527
2021-06-01 00:00:00+00:00,TX,45975743.326,39106081.0,221560.045
2021-06-01 00:00:00+00:00,UT,4105952.268,3189211.7,66728.07
2021-06-01 00:00:00+00:00,WA,10034009.998,6980100.6,35964.571
2021-06-01 00:00:00+00:00,WY,3580495.783,1295286.3,1830.987
2021-07-01 00:00:00+00:00,AZ,11671166.001,9208129.0,297669.287
2021-07-01 00:00:00+00:00,CA,22318734.996,26068019.0,2102685.509
2021-07-01 00:00:00+00:00,CO,5645958.834,5625176.0,116413.966
2021-07-01 00:00:00+00:00,ID,1605132.401,2867049.2,13577.357
2021-07-01 00:00:00+00:00,MT,2186543.131,1360849.2,5321.776
2021-07-01 00:00:00+00:00,NM,3002160.697,2482960.3,42769.797
2021-07-01 00:00:00+00:00,NV,4645480.228,4664472.8,105178.562
2021-07-01 00:00:00+00:00,OR,5470176.664,4818216.0,39777.63
2021-07-01 00:00:00+00:00,SD,1527057.804,1194081.6,211.532
2021-07-01 00:00:00+00:00,TX,48402902.609,44320085.0,232480.877
2021-07-01 00:00:00+00:00,UT,4551143.964,3473060.9,68074.012
2021-07-01 00:00:00+00:00,WA,9989018.636,7172779.7,40943.351
2021-07-01 00:00:00+00:00,WY,4078560.436,1395295.5,1951.035
2021-08-01 00:00:00+00:00,AZ,11500499.599,9117939.5,304194.9
2021-08-01 00:00:00+00:00,CA,20992538.287,26005664.0,1991027.801
2021-08-01 00:00:00+00:00,CO,5529718.959,5609946.1,115466.099
2021-08-01 00:00:00+00:00,ID,1522139.326,2407558.6,13386.595
2021-08-01 00:00:00+00:00,MT,2125141.513,1313112.5,4900.014
2021-08-01 00:00:00+00:00,NM,3410136.101,2477861.9,40290.749
2021-08-01 00:00:00+00:00,NV,4478553.45,4403418.0,105416.343
2021-08-01 00:00:00+00:00,OR,5303604.509,4752609.8,38003.595
2021-08-01 00:00:00+00:00,SD,1654119.55,1214768.3,204.455
2021-08-01 00:00:00+00:00,TX,50060527.1,44667906.0,230305.362
2021-08-01 00:00:00+00:00,UT,4410197.736,3192478.1,65984.923
2021-08-01 00:00:00+00:00,WA,9618518.589,7232006.9,39101.669
2021-08-01 00:00:00+00:00,WY,3791554.823,1325209.4,1887.455
2021-09-01 00:00:00+00:00,AZ,10124069.849,8025905.3,283035.966
2021-09-01 00:00:00+00:00,CA,18351141.393,23607687.0,1775932.488
2021-09-01 00:00:00+00:00,CO,4698104.048,4919773.4,108120.521
2021-09-01 00:00:00+00:00,ID,1252449.069,1920428.8,12308.795
2021-09-01 00:00:00+00:00,MT,2099361.713,1116409.5,4223.805
2021-09-01 00:00:00+00:00,NM,3107496.779,2310962.7,38471.772
2021-09-01 00:00:00+00:00,NV,3920580.837,3724744.8,94666.98
2021-09-01 00:00:00+00:00,OR,4485483.662,4134206.5,33506.309
2021-09-01 00:00:00+00:00,SD,1291802.741,1055076.4,181.819
2021-09-01 00:00:00+00:00,TX,44164243.903,42869909.0,208272.384
2021-09-01 00:00:00+00:00,UT,4037281.939,2801017.5,61804.196
2021-09-01 00:00:00+00:00,WA,7630351.6,6506364.7,33907.923
2021-09-01 00:00:00+00:00,WY,3827598.454,1236579.1,1757.443
2021-10-01 00:00:00+00:00,AZ,8532327.531,6092921.1,276992.049
2021-10-01 00:00:00+00:00,CA,16192155.917,20641271.0,1589184.326
2021-10-01 00:00:00+00:00,CO,4239620.583,4409139.7,95948.564
2021-10-01 00:00:00+00:00,ID,1103872.15,1715859.8,11688.609
2021-10-01 00:00:00+00:00,MT,2028268.226,1090598.8,3404.264
2021-10-01 00:00:00+00:00,NM,2618542.955,2077885.0,38011.858
2021-10-01 00:00:00+00:00,NV,3147244.601,2885386.4,86584.399
2021-10-01 00:00:00+00:00,OR,4439489.741,4132695.6,23806.341
2021-10-01 00:00:00+00:00,SD,1274293.55,989943.03,148.476
2021-10-01 00:00:00+00:00,TX,39413157.034,37536813.0,194281.014
2021-10-01 00:00:00+00:00,UT,3331031.83,2513781.6,57196.48
2021-10-01 00:00:00+00:00,WA,7681920.245,6758492.2,22085.446
2021-10-01 00:00:00+00:00,WY,3573359.702,1262784.3,1560.398
2021-11-01 00:00:00+00:00,AZ,7403469.019,5392907.5,249848.1
2021-11-01 00:00:00+00:00,CA,14321845.613,18754521.0,1339030.576
2021-11-01 00:00:00+00:00,CO,4280790.366,4231005.2,83758.256
2021-11-01 00:00:00+00:00,ID,1172254.14,1806142.8,8095.166
2021-11-01 00:00:00+00:00,MT,2207019.13,1185963.0,2246.502
2021-11-01 00:00:00+00:00,NM,2946469.387,1937481.1,37278.855
2021-11-01 00:00:00+00:00,NV,2989962.32,2627205.4,78176.532
2021-11-01 00:00:00+00:00,OR,4783721.538,4316574.4,12622.234
2021-11-01 00:00:00+00:00,SD,1392248.467,1013880.4,116.868
2021-11-01 00:00:00+00:00,TX,35227922.437,32132007.0,170091.031
2021-11-01 00:00:00+00:00,UT,3305931.936,2454656.4,45812.203
2021-11-01 00:00:00+00:00,WA,9109271.127,7199344.0,11173.975
2021-11-01 00:00:00+00:00,WY,3438434.462,1305240.9,1178.191
2021-12-01 00:00:00+00:00,AZ,8109067.91,5731192.0,236419.34
2021-12-01 00:00:00+00:00,CA,14628007.609,20077356.0,1170824.96
2021-12-01 00:00:00+00:00,CO,4906579.23,4521595.7,77604.78
2021-12-01 00:00:00+00:00,ID,1203952.95,2144437.0,5789.251
2021-12-01 00:00:00+00:00,MT,2082913.905,1358766.2,1981.99
2021-12-01 00:00:00+00:00,NM,3632750.021,2106274.1,36260.657
2021-12-01 00:00:00+00:00,NV,3076296.209,2868135.2,70490.745
2021-12-01 00:00:00+00:00,OR,5996882.576,5247055.2,10768.546
2021-12-01 00:00:00+00:00,SD,1638848.622,1148742.7,102.6
2021-12-01 00:00:00+00:00,TX,37706898.133,33482067.0,169787.36
2021-12-01 00:00:00+00:00,UT,3365243.22,2709053.0,38629.834
2021-12-01 00:00:00+00:00,WA,11162237.211,8609174.9,10059.695
2021-12-01 00:00:00+00:00,WY,4062853.749,1422068.0,1002.59
2022-01-01 00:00:00+00:00,AZ,7715015.804,5891401.9,272438.542
2022-01-01 00:00:00+00:00,CA,14021921.267,20422443.0,1318867.491
2022-01-01 00:00:00+00:00,CO,4898703.739,4714557.0,81862.386
2022-01-01 00:00:00+00:00,ID,1412955.864,2294820.2,6329.929
2022-01-01 00:00:00+00:00,MT,2627702.751,1493030.6,2255.254
2022-01-01 00:00:00+00:00,NM,3642632.783,2195079.7,39871.818
2022-01-01 00:00:00+00:00,NV,3131036.445,2835335.3,82496.197
2022-01-01 00:00:00+00:00,OR,5954991.828,5192936.2,13313.744
2022-01-01 00:00:00+00:00,SD,1621026.981,1267672.4,111.171
2022-01-01 00:00:00+00:00,TX,41325209.883,36730783.0,171349.139
2022-01-01 00:00:00+00:00,UT,3297841.088,2700359.3,41838.436
2022-01-01 00:00:00+00:00,WA,11110451.88,9125688.7,12344.821
2022-01-01 00:00:00+00:00,WY,4097958.145,1488525.0,1125.91
2022-02-01 00:00:00+00:00,AZ,7189214.836,5254566.3,279260.359
2022-02-01 00:00:00+00:00,CA,13145123.253,16636420.0,1409306.614
2022-02-01 00:00:00+00:00,CO,4396495.872,4303770.7,84362.937
2022-02-01 00:00:00+00:00,ID,1336885.639,2017936.3,8741.745
2022-02-01 00:00:00+00:00,MT,2234532.788,1392835.6,2890.658
2022-02-01 00:00:00+00:00,NM,2938947.799,1980245.1,39186.261
2022-02-01 00:00:00+00:00,NV,2816501.427,2519271.6,85932.057
2022-02-01 00:00:00+00:00,OR,5492605.884,4602112.8,19858.78
2022-02-01 00:00:00+00:00,SD,1570008.925,1172391.3,125.34
2022-02-01 00:00:00+00:00,TX,38191793.747,34719529.0,173664.062
2022-02-01 00:00:00+00:00,UT,2849028.218,2425646.3,43624.325
2022-02-01 00:00:00+00:00,WA,9794629.908,7954313.2,21182.149
2022-02-01 00:00:00+00:00,WY,3707328.679,1377062.6,1259.321
2022-03-01 00:00:00+00:00,AZ,7703398.741,5666355.4,360235.287
2022-03-01 00:00:00+00:00,CA,14680913.583,19752810.0,2016390.014
2022-03-01 00:00:00+00:00,CO,4610879.992,4575246.2,112309.595
2022-03-01 00:00:00+00:00,ID,1446123.141,1957505.1,13599.828
2022-03-01 00:00:00+00:00,MT,2641695.841,1313891.1,4135.391
2022-03-01 00:00:00+00:00,NM,2920783.358,2026426.6,48898.735
2022-03-01 00:00:00+00:00,NV,2997790.878,2681174.1,114260.902
2022-03-01 00:00:00+00:00,OR,5515653.837,4666039.2,27655.23
2022-03-01 00:00:00+00:00,SD,1733095.279,1156469.3,172.416
2022-03-01 00:00:00+00:00,TX,36674172.901,35413889.0,223266.688
2022-03-01 00:00:00+00:00,UT,2533185.996,2533166.7,63923.419
2022-03-01 00:00:00+00:00,WA,9903374.369,8132179.8,28638.208
2022-03-01 00:00:00+00:00,WY,3822405.912,1414131.7,1776.625
2022-04-01 00:00:00+00:00,AZ,7319616.267,5912211.3,370131.646
2022-04-01 00:00:00+00:00,CA,15073010.81,18170505.0,2206341.543
2022-04-01 00:00:00+00:00,CO,4296964.801,4259490.8,125985.048
2022-04-01 00:00:00+00:00,ID,1271171.366,1872631.8,16184.739
2022-04-01 00:00:00+00:00,MT,1939511.842,1246646.1,4918.424
2022-04-01 00:00:00+00:00,NM,3267383.863,2011362.2,52783.734
2022-04-01 00:00:00+00:00,NV,3141817.128,2738779.2,125355.944
2022-04-01 00:00:00+00:00,OR,4563006.405,4440256.4,39443.443
2022-04-01 00:00:00+00:00,SD,1545528.053,1046344.8,206.65
2022-04-01 00:00:00+00:00,TX,37967871.4,34023616.0,253796.51
2022-04-01 00:00:00+00:00,UT,2810820.583,2359205.6,69246.991
2022-04-01 00:00:00+00:00,WA,8201144.864,7494632.8,39230.394
2022-04-01 00:00:00+00:00,WY,3504817.499,1338706.9,2020.219
2022-05-01 00:00:00+00:00,AZ,8079275.304,7163625.3,401008.799
2022-05-01 00:00:00+00:00,CA,16390020.638,18943677.0,2446939.943
2022-05-01 00:00:00+00:00,CO,4427747.52,4345097.9,134859.368
2022-05-01 00:00:00+00:00,ID,1445966.492,2014143.1,18410.216
2022-05-01 00:00:00+00:00,MT,2162192.152,1155197.8,5493.927
2022-05-01 00:00:00+00:00,NM,3660292.993,2181755.5,56051.658
2022-05-01 00:00:00+00:00,NV,3529730.045,3220764.8,138355.527
2022-05-01 00:00:00+00:00,OR,4398600.82,4299661.0,45407.545
2022-05-01 00:00:00+00:00,SD,1289856.82,981360.43,226.617
2022-05-01 00:00:00+00:00,TX,46271774.184,39120627.0,278274.454
2022-05-01 00:00:00+00:00,UT,3080719.559,2540873.8,77309.514
2022-05-01 00:00:00+00:00,WA,9391287.62,6828652.6,44153.209
2022-05-01 00:00:00+00:00,WY,3319212.183,1273186.7,2277.185
2022-06-01 00:00:00+00:00,AZ,9728201.531,8736956.6,377580.332
2022-06-01 00:00:00+00:00,CA,18234748.337,21564764.0,2444909.857
2022-06-01 00:00:00+00:00,CO,5013665.022,4889401.8,135760.107
2022-06-01 00:00:00+00:00,ID,1198587.327,2251756.3,19333.716
2022-06-01 00:00:00+00:00,MT,2012061.402,1160632.0,5604.771
2022-06-01 00:00:00+00:00,NM,3711049.33,2455286.9,54359.386
2022-06-01 00:00:00+00:00,NV,3853249.153,3889602.4,135822.201
2022-06-01 00:00:00+00:00,OR,4579503.869,4268796.9,47804.023
2022-06-01 00:00:00+00:00,SD,1528924.327,1048508.6,230.811
2022-06-01 00:00:00+00:00,TX,50586786.181,44455005.0,287780.301
2022-06-01 00:00:00+00:00,UT,3163527.342,2934516.9,77871.9
2022-06-01 00:00:00+00:00,WA,10879409.434,6688074.7,45570.524
2022-06-01 00:00:00+00:00,WY,3082950.849,1272214.7,2349.701
2022-07-01 00:00:00+00:00,AZ,10952954.266,9784797.3,357804.93
2022-07-01 00:00:00+00:00,CA,20799493.822,24188196.0,2520424.399
2022-07-01 00:00:00+00:00,CO,5769105.703,5687394.6,136460.436
2022-07-01 00:00:00+00:00,ID,1547839.153,2893655.7,20795.82
2022-07-01 00:00:00+00:00,MT,2303940.894,1255519.5,6397.423
2022-07-01 00:00:00+00:00,NM,3352425.907,2677677.7,53246.521
2022-07-01 00:00:00+00:00,NV,4586032.914,4545289.5,134981.549
2022-07-01 00:00:00+00:00,OR,5404629.19,4925411.1,55431.547
2022-07-01 00:00:00+00:00,SD,1642196.821,1199857.5,254.339
2022-07-01 00:00:00+00:00,TX,55370588.901,48125094.0,303171.05
2022-07-01 00:00:00+00:00,UT,3996916.485,3589102.9,80183.304
2022-07-01 00:00:00+00:00,WA,11746455.205,7123961.9,52185.455
2022-07-01 00:00:00+00:00,WY,4058740.587,1403283.7,2487.602
2022-08-01 00:00:00+00:00,AZ,10947574.085,9251040.3,349327.478
2022-08-01 00:00:00+00:00,CA,22142905.173,27435434.0,2448754.779
2022-08-01 00:00:00+00:00,CO,5670772.228,5598633.3,132356.864
2022-08-01 00:00:00+00:00,ID,1442131.258,2653681.7,20501.815
2022-08-01 00:00:00+00:00,MT,2326729.648,1416560.1,6177.766
2022-08-01 00:00:00+00:00,NM,3423938.408,2620155.8,51719.396
2022-08-01 00:00:00+00:00,NV,4440043.086,4392429.2,130875.369
2022-08-01 00:00:00+00:00,OR,5609828.178,5108228.2,48729.283
2022-08-01 00:00:00+00:00,SD,1550360.6,1232509.3,247.468
2022-08-01 00:00:00+00:00,TX,52211778.308,49194868.0,301275.049
2022-08-01 00:00:00+00:00,UT,4127575.681,3356131.1,77848.435
2022-08-01 00:00:00+00:00,WA,10693141.209,7571759.8,49675.688
2022-08-01 00:00:00+00:00,WY,4332796.861,1399633.6,2466.19
2022-09-01 00:00:00+00:00,AZ,10277599.308,8411936.8,331742.319
2022-09-01 00:00:00+00:00,CA,20102444.369,26005269.0,2194348.95
2022-09-01 00:00:00+00:00,CO,4727147.901,4816997.0,120312.88
2022-09-01 00:00:00+00:00,ID,1277988.269,2125100.1,18862.971
2022-09-01 00:00:00+00:00,MT,1980950.393,1236600.7,5418.119
2022-09-01 00:00:00+00:00,NM,3440499.444,2385187.7,50274.097
2022-09-01 00:00:00+00:00,NV,4049645.968,3783712.5,124533.62
2022-09-01 00:00:00+00:00,OR,5024559.785,4293743.3,43366.181
2022-09-01 00:00:00+00:00,SD,1416943.763,1092077.5,219.509
2022-09-01 00:00:00+00:00,TX,45251708.534,43748660.0,276344.987
2022-09-01 00:00:00+00:00,UT,3954618.657,2930614.5,73532.658
2022-09-01 00:00:00+00:00,WA,8394843.28,6740197.8,43712.628
2022-09-01 00:00:00+00:00,WY,4052928.779,1292985.7,2287.598
2022-10-01 00:00:00+00:00,AZ,8527289.61,6533298.7,336361.835
2022-10-01 00:00:00+00:00,CA,17289738.111,21570342.0,2064265.479
2022-10-01 00:00:00+00:00,CO,4114355.884,4351753.9,117330.298
2022-10-01 00:00:00+00:00,ID,1065211.138,1788447.2,16802.474
2022-10-01 00:00:00+00:00,MT,2106605.486,1103428.2,4401.157
2022-10-01 00:00:00+00:00,NM,3171336.832,2202679.4,49145.084
2022-10-01 00:00:00+00:00,NV,3556795.609,3090157.5,117275.598
2022-10-01 00:00:00+00:00,OR,4240495.244,4264078.8,31506.117
2022-10-01 00:00:00+00:00,SD,1288853.516,985407.33,190.92
2022-10-01 00:00:00+00:00,TX,39621787.79,37215509.0,261913.73
2022-10-01 00:00:00+00:00,UT,3083440.225,2560624.0,68683.43
2022-10-01 00:00:00+00:00,WA,7903756.424,6520236.7,28530.308
2022-10-01 00:00:00+00:00,WY,4173994.051,1311369.5,2034.734
2022-11-01 00:00:00+00:00,AZ,7592900.792,5488189.4,295144.43
2022-11-01 00:00:00+00:00,CA,15201867.643,18003136.0,1636462.028
2022-11-01 00:00:00+00:00,CO,4739056.443,4358594.0,98542.118
2022-11-01 00:00:00+00:00,ID,1442463.113,2005535.9,11037.316
2022-11-01 00:00:00+00:00,MT,2437100.786,1261097.2,2923.973
2022-11-01 00:00:00+00:00,NM,3434217.818,2120736.3,46076.002
2022-11-01 00:00:00+00:00,NV,3269039.371,2731819.7,99699.517
2022-11-01 00:00:00+00:00,OR,5014483.855,4923268.7,16989.907
2022-11-01 00:00:00+00:00,SD,1397600.189,1064186.7,155.75
2022-11-01 00:00:00+00:00,TX,39643092.07,34435118.0,229141.444
2022-11-01 00:00:00+00:00,UT,2975531.034,2622650.8,54995.605
2022-11-01 00:00:00+00:00,WA,9072563.259,7754752.8,14558.232
2022-11-01 00:00:00+00:00,WY,4009713.807,1412780.3,1553.304
2022-12-01 00:00:00+00:00,AZ,8676938.446,6102137.7,262965.951
2022-12-01 00:00:00+00:00,CA,16750838.413,19176141.0,1413561.067
2022-12-01 00:00:00+00:00,CO,5379828.366,4862103.8,91475.391
2022-12-01 00:00:00+00:00,ID,1391086.999,2325917.7,8017.49
2022-12-01 00:00:00+00:00,MT,2315972.456,1548344.3,2684.237
2022-12-01 00:00:00+00:00,NM,3925916.081,2299585.1,44021.626
2022-12-01 00:00:00+00:00,NV,3243794.971,2891671.3,95375.45
2022-12-01 00:00:00+00:00,OR,5520429.562,5342363.4,14618.469
2022-12-01 00:00:00+00:00,SD,1316372.397,1220278.9,132.468
2022-12-01 00:00:00+00:00,TX,42541011.132,38218493.0,234730.369
2022-12-01 00:00:00+00:00,UT,3512838.326,2812609.3,46620.057
2022-12-01 00:00:00+00:00,WA,9599860.718,8962869.2,13421.762
2022-12-01 00:00:00+00:00,WY,4184644.674,1515548.6,1325.567
